x,y,alive
-0.0422,0.1991,1
0.0099,0.2052,1
0.0066,0.1807,1
-0.0423,0.1897,1
0.0324,0.1770,1
-0.0331,0.2538,1
0.0312,0.2567,1
0.0236,0.2640,1
0.0245,0.2171,1
-0.0241,0.2144,1
0.0431,0.2042,1
-0.0191,0.2627,1
0.0044,0.1872,1
0.0239,0.1720,1
0.0325,0.2499,1
-0.0732,0.2502,1
-0.0218,0.2440,1
0.0353,0.2561,1
0.0412,0.1862,1
0.0260,0.1658,1
-0.0474,0.2246,1
0.0115,0.2548,1
0.0324,0.2409,1
0.0132,0.2018,1
-0.0307,0.1913,1
0.0648,0.2503,1
-0.0310,0.2044,1
-0.0272,0.2398,1
0.0385,0.1820,1
-0.0051,0.1893,1
0.0100,0.1704,1
-0.0444,0.2307,1
-0.0297,0.2219,1
0.0264,0.2009,1
0.0125,0.2284,1
-0.0200,0.1822,1
-0.0328,0.1676,1
0.0569,0.2077,1
-0.0492,0.2139,1
0.0046,0.1767,1
0.0522,0.2119,1
0.0315,0.2396,1
-0.0287,0.1766,1
0.0333,0.2512,1
0.0372,0.1845,1
0.0345,0.1802,1
-0.0267,0.2092,1
0.0049,0.2452,1
-0.0349,0.2185,1
-0.0376,0.1961,1
0.0544,0.2475,1
0.0261,0.2312,1
0.0418,0.2231,1
0.0275,0.2519,1
0.0300,0.1850,1
0.0079,0.2219,1
0.0004,0.1642,1
-0.0305,0.1801,1
0.0048,0.1679,1
0.0270,0.2079,1
-0.0214,0.1714,1
-0.0080,0.1651,1
0.0221,0.2113,1
-0.0075,0.1789,1
0.0038,0.1611,1
0.0078,0.1568,1
0.0250,0.1664,1
0.0116,0.1762,1
-0.0060,0.1753,1
-0.0070,0.2370,1
0.0020,0.1645,1
-0.0005,0.2111,1
-0.0111,0.1976,1
-0.0069,0.2057,1
-0.0061,0.1627,1
0.0004,0.1781,1
-0.0446,0.2394,1
-0.0305,0.2097,1
-0.0153,0.1718,1
0.0308,0.1967,1
-0.0368,0.1926,1
0.0407,0.1832,1
-0.0532,0.2286,1
0.0296,0.1676,1
0.0309,0.1672,1
0.0386,0.2264,1
-0.0208,0.2073,1
-0.0203,0.2188,1
-0.0113,0.2201,1
-0.0057,0.1718,1
-0.0465,0.1757,1
-0.0058,0.1900,1
-0.0036,0.1752,1
-0.0027,0.2144,1
-0.0098,0.1537,1
-0.0267,0.1750,1
0.0075,0.1852,1
-0.0026,0.2031,1
-0.0548,0.2052,1
-0.0147,0.2018,1
-0.0378,0.2099,1
0.0378,0.1932,1
-0.0139,0.2189,1
-0.0040,0.2304,1
-0.0275,0.1669,1
0.0237,0.1902,1
0.0448,0.1906,1
-0.0456,0.2051,1
-0.0440,0.1984,1
-0.0011,0.2269,1
0.0192,0.2205,1
-0.0465,0.1815,1
-0.0409,0.1697,1
0.0485,0.2117,1
0.0328,0.2220,1
0.0345,0.1583,1
0.0189,0.2000,1
0.0004,0.1709,1
-0.0066,0.1642,1
0.0037,0.2039,1
0.0137,0.1570,1
-0.0525,0.2196,1
-0.0082,0.2061,1
-0.0029,0.1561,1
-0.0127,0.1748,1
0.0120,0.1874,1
-0.0144,0.1746,1
0.0086,0.1733,1
-0.0435,0.1777,1
-0.0304,0.1586,1
-0.0281,0.1841,1
-0.0170,0.1595,1
-0.0494,0.2193,1
0.0195,0.2192,1
-0.0074,0.1681,1
0.0186,0.2264,1
0.0254,0.1960,1
0.0192,0.2057,1
-0.0366,0.1713,1
0.0078,0.1512,1
-0.0351,0.1449,1
-0.0176,0.2052,1
-0.0025,0.1634,1
-0.0203,0.1688,1
-0.0299,0.1956,1
0.0192,0.2097,1
0.0374,0.1702,1
0.0077,0.1678,1
0.0061,0.1682,1
0.0001,0.1759,1
-0.0263,0.1664,1
0.0317,0.1945,1
-0.0073,0.2134,1
0.0033,0.1621,1
0.0141,0.1937,1
-0.0106,0.1649,1
0.0315,0.1945,1
0.0226,0.1751,1
0.0428,0.1922,1
0.0445,0.1765,1
0.0014,0.1799,1
0.0282,0.1463,1
-0.0052,0.1487,1
0.0171,0.1794,1
-0.0394,0.1689,1
-0.0311,0.1668,1
0.0207,0.1929,1
-0.0027,0.1679,1
-0.0251,0.1506,1
0.0542,0.2024,1
-0.0362,0.1490,1
0.0230,0.1471,1
0.0076,0.1675,1
0.0193,0.1825,1
-0.0276,0.1887,1
0.0325,0.1940,1
-0.0034,0.1455,1
-0.0163,0.1590,1
0.0429,0.1992,1
-0.0274,0.1907,1
-0.0174,0.1569,1
0.0179,0.2000,1
0.0122,0.1963,1
0.0226,0.1715,1
-0.0363,0.1754,1
-0.0186,0.1911,1
-0.0121,0.1876,1
0.0163,0.2073,1
0.0100,0.1413,1
0.0357,0.1649,1
0.0346,0.1518,1
-0.0029,0.1957,1
0.0063,0.1461,1
-0.0087,0.1684,1
-0.0041,0.1921,1
0.0128,0.1519,1
-0.0363,0.1922,1
-0.0077,0.1994,1
-0.0374,0.1598,1
0.0121,0.1944,1
-0.0300,0.1418,1
0.0309,0.1956,1
0.0131,0.1540,1
-0.0323,0.1638,1
-0.0010,0.1695,1
-0.0396,0.1799,1
0.0243,0.1424,1
-0.0475,0.1818,1
0.0143,0.2026,1
-0.0364,0.1761,1
0.0000,0.1443,1
-0.0267,0.1840,1
-0.0151,0.1694,1
-0.0309,0.1631,1
0.0313,0.1556,1
0.0177,0.1437,1
0.0007,0.1642,1
0.0198,0.1945,1
0.0226,0.1695,1
0.0289,0.1745,1
0.0129,0.1669,1
-0.0074,0.1776,1
0.0054,0.1425,1
0.0367,0.1683,1
0.0373,0.1738,1
-0.0171,0.1331,1
0.0203,0.1477,1
0.0095,0.1824,1
0.0072,0.1842,1
0.0203,0.1400,1
-0.0354,0.1732,1
-0.0043,0.1478,1
-0.0013,0.1736,1
-0.0116,0.1820,1
-0.0056,0.1461,1
0.0082,0.1358,1
0.0065,0.1763,1
0.0246,0.1603,1
-0.0040,0.1337,1
-0.0164,0.1333,1
0.0234,0.1350,1
0.0060,0.1656,1
-0.0089,0.1665,1
0.0152,0.1717,1
0.0274,0.1867,1
-0.0240,0.1609,1
0.0164,0.1694,1
0.0390,0.1590,1
-0.0122,0.1434,1
0.0200,0.1414,1
-0.0010,0.1675,1
-0.0026,0.1248,1
0.0099,0.1747,1
-0.0096,0.1797,1
0.0252,0.1287,1
-0.0060,0.1410,1
-0.0083,0.1693,1
0.0104,0.1338,1
-0.0025,0.1687,1
-0.0170,0.1298,1
-0.0149,0.1589,1
-0.0181,0.1607,1
-0.0178,0.1392,1
0.0153,0.1744,1
-0.0127,0.1669,1
-0.0172,0.1796,1
-0.0160,0.1617,1
0.0189,0.1550,1
0.0172,0.1471,1
0.0396,0.1731,1
-0.0056,0.1488,1
0.0037,0.1537,1
0.0170,0.1700,1
-0.0041,0.1368,1
-0.0038,0.1686,1
-0.0309,0.1378,1
-0.0041,0.1638,1
-0.0117,0.1529,1
-0.0209,0.1747,1
0.0056,0.1530,1
-0.0106,0.1570,1
-0.0090,0.1244,1
0.0159,0.1276,1
0.0138,0.1526,1
0.0208,0.1273,1
0.0081,0.1626,1
0.0057,0.1523,1
0.0008,0.1634,1
0.0192,0.1568,1
-0.0112,0.1547,1
-0.0015,0.1462,1
-0.0251,0.1441,1
0.0029,0.1355,1
0.0113,0.1411,1
-0.0003,0.1478,1
0.0103,0.1598,1
0.0095,0.1303,1
-0.0033,0.1280,1
0.0209,0.1577,1
-0.0074,0.1328,1
0.0032,0.1622,1
0.0080,0.1683,1
0.0208,0.1464,1
0.0216,0.1274,1
0.0194,0.1410,1
-0.0215,0.1383,1
0.0023,0.1400,1
-0.0219,0.1239,1
0.0123,0.1234,1
-0.0131,0.1362,1
0.0111,0.1349,1
0.0175,0.1347,1
0.0280,0.1297,1
-0.0313,0.1388,1
0.0065,0.1156,1
-0.0050,0.1345,1
-0.0125,0.1256,1
0.0219,0.1464,1
-0.0058,0.1626,1
0.0168,0.1425,1
0.0122,0.1594,1
-0.0237,0.1309,1
-0.0042,0.1314,1
0.0242,0.1319,1
-0.0180,0.1576,1
-0.0072,0.1338,1
-0.0246,0.1434,1
0.0142,0.1292,1
0.0204,0.1203,1
0.0004,0.1573,1
0.0045,0.1412,1
0.0323,0.1438,1
-0.0126,0.1130,1
-0.0196,0.1129,1
0.0177,0.1391,1
0.0062,0.1158,1
0.0036,0.1258,1
0.0038,0.1383,1
0.0099,0.1306,1
-0.0011,0.1269,1
0.0277,0.1325,1
-0.0058,0.1337,1
-0.0342,0.1528,1
0.0001,0.1419,1
0.0162,0.1378,1
0.0071,0.1386,1
0.0135,0.1155,1
0.0150,0.1290,1
-0.0108,0.1132,1
0.0142,0.1489,1
-0.0181,0.1533,1
-0.0023,0.1292,1
0.0075,0.1554,1
-0.0213,0.1494,1
-0.0091,0.1197,1
0.0087,0.1166,1
-0.0110,0.1119,1
0.0164,0.1260,1
0.0223,0.1350,1
0.0150,0.1276,1
-0.0047,0.1239,1
0.0167,0.1455,1
-0.0015,0.1203,1
0.0076,0.1423,1
-0.0146,0.1467,1
-0.0072,0.1226,1
-0.0156,0.1265,1
0.0112,0.1360,1
0.0243,0.1458,1
0.0108,0.1149,1
0.0156,0.1264,1
-0.0150,0.1168,1
0.0002,0.1493,1
-0.0185,0.1399,1
-0.0092,0.1045,1
-0.0181,0.1322,1
0.0145,0.1114,1
-0.0211,0.1327,1
-0.0057,0.1075,1
-0.0097,0.1059,1
-0.0048,0.1306,1
0.0028,0.1412,1
0.0243,0.1411,1
-0.0138,0.1239,1
0.0085,0.1320,1
0.0006,0.1423,1
-0.0203,0.1207,1
0.0016,0.1068,1
-0.0147,0.1365,1
-0.0057,0.1150,1
0.0012,0.1088,1
0.0162,0.1154,1
0.0030,0.1212,1
0.0098,0.1340,1
0.0021,0.1059,1
-0.0032,0.1374,1
0.0028,0.1167,1
-0.0099,0.1020,1
-0.0145,0.1241,1
0.0109,0.1102,1
-0.0094,0.1221,1
-0.0095,0.1319,1
-0.0069,0.1326,1
-0.0057,0.1108,1
-0.0018,0.1217,1
-0.0122,0.1036,1
-0.0093,0.1026,1
-0.0053,0.1148,1
-0.0172,0.1317,1
-0.0129,0.1159,1
0.0099,0.1068,1
-0.0036,0.1079,1
0.0081,0.1217,1
-0.0226,0.1198,1
-0.0016,0.1250,1
-0.0145,0.1290,1
-0.0068,0.1115,1
-0.0135,0.1299,1
-0.0219,0.1210,1
-0.0167,0.0993,1
-0.0073,0.1174,1
0.0060,0.0967,1
-0.0164,0.1151,1
0.0010,0.1157,1
0.0081,0.1254,1
-0.0161,0.0992,1
0.0141,0.1109,1
-0.0037,0.0985,1
-0.0089,0.1199,1
-0.0073,0.1026,1
-0.0118,0.0976,1
-0.0066,0.1122,1
-0.0139,0.1067,1
-0.0026,0.1152,1
0.0133,0.1041,1
-0.0052,0.1168,1
0.0142,0.1107,1
0.0190,0.1131,1
-0.0174,0.1125,1
0.0070,0.1022,1
0.0119,0.1062,1
0.0004,0.1173,1
0.0039,0.1152,1
-0.0103,0.1117,1
0.0113,0.1034,1
0.0009,0.1080,1
0.0085,0.1139,1
-0.0071,0.1202,1
-0.0050,0.1105,1
-0.0133,0.0976,1
0.0026,0.0920,1
0.0090,0.1135,1
0.0031,0.0940,1
-0.0032,0.0965,1
0.0067,0.1085,1
-0.0242,0.1172,1
-0.0155,0.0958,1
-0.0105,0.1012,1
-0.0067,0.1071,1
-0.0111,0.0933,1
-0.0008,0.0918,1
0.0093,0.0940,1
-0.0039,0.1165,1
0.0035,0.1147,1
-0.0029,0.1044,1
-0.0094,0.1051,1
-0.0100,0.0883,1
-0.0058,0.1054,1
-0.0112,0.0960,1
0.0130,0.0971,1
0.0001,0.1154,1
-0.0215,0.1130,1
0.0040,0.1126,1
-0.0132,0.1116,1
0.0030,0.1056,1
-0.0018,0.0940,1
-0.0047,0.0982,1
-0.0049,0.0864,1
-0.0037,0.1087,1
-0.0152,0.1112,1
0.0082,0.1003,1
-0.0139,0.1021,1
-0.0006,0.1030,1
-0.0133,0.1070,1
0.0078,0.0978,1
0.0016,0.0912,1
-0.0173,0.1094,1
0.0001,0.0891,1
0.0109,0.1095,1
0.0067,0.0852,1
-0.0033,0.0999,1
-0.0085,0.1087,1
-0.0063,0.0896,1
-0.0122,0.0967,1
-0.0111,0.0851,1
-0.0101,0.0938,1
0.0001,0.0834,1
-0.0126,0.1020,1
-0.0135,0.0903,1
-0.0045,0.0967,1
0.0016,0.0830,1
-0.0096,0.0887,1
0.0025,0.0815,1
0.0002,0.0838,1
0.0154,0.0936,1
-0.0009,0.0847,1
-0.0059,0.0968,1
0.0033,0.0895,1
-0.0166,0.0987,1
0.0097,0.1029,1
0.0149,0.1012,1
0.0029,0.1016,1
-0.0010,0.0863,1
0.0119,0.0879,1
0.0123,0.0956,1
0.0057,0.0833,1
0.0074,0.0892,1
0.0073,0.0975,1
0.0106,0.0898,1
0.0102,0.0882,1
-0.0005,0.0843,1
0.0103,0.0923,1
-0.0011,0.0912,1
-0.0027,0.0826,1
-0.0001,0.0846,1
-0.0001,0.0914,1
0.0069,0.0876,1
0.0116,0.0955,1
-0.0081,0.0840,1
0.0005,0.0900,1
0.0091,0.0756,1
0.0060,0.0902,1
-0.0033,0.0884,1
0.0004,0.0780,1
-0.0068,0.0921,1
-0.0018,0.0924,1
-0.0029,0.0875,1
0.0064,0.0910,1
0.0040,0.0814,1
-0.0005,0.0792,1
0.0047,0.0852,1
0.0115,0.0908,1
-0.0005,0.0763,1
0.0068,0.0805,1
0.0059,0.0811,1
0.0053,0.0879,1
-0.0077,0.0793,1
0.0041,0.0803,1
-0.0042,0.0862,1
-0.0118,0.0864,1
0.0018,0.0826,1
0.0006,0.0777,1
-0.0000,0.0776,1
0.0024,0.0795,1
0.0061,0.0748,1
-0.0036,0.0817,1
-0.0056,0.0803,1
-0.0053,0.0776,1
0.0010,0.0859,1
0.0041,0.0711,1
0.0069,0.0765,1
-0.0023,0.0795,1
0.0007,0.0839,1
-0.0035,0.0795,1
-0.0051,0.0711,1
0.0057,0.0755,1
0.0018,0.0753,1
-0.0089,0.0764,1
0.0060,0.0691,1
0.0003,0.0702,1
0.0015,0.0735,1
0.0091,0.0788,1
-0.0038,0.0734,1
-0.0039,0.0717,1
0.0015,0.0716,1
-0.0008,0.0712,1
-0.0076,0.0762,1
-0.0012,0.0711,1
-0.0011,0.0676,1
0.0052,0.0765,1
-0.0078,0.0769,1
-0.0034,0.0685,1
-0.0030,0.0673,1
-0.0031,0.0660,1
-0.0026,0.0720,1
-0.0033,0.0666,1
-0.0006,0.0770,1
0.0037,0.0749,1
-0.0048,0.0763,1
0.0029,0.0656,1
-0.0034,0.0704,1
0.0021,0.0715,1
0.0007,0.0677,1
0.0024,0.0657,1
0.0037,0.0667,1
0.0020,0.0650,1
0.0017,0.0697,1
-0.0002,0.0704,1
-0.0008,0.0692,1
0.0022,0.0707,1
0.0043,0.0701,1
-0.0016,0.0640,1
0.0013,0.0652,1
0.0023,0.0687,1
0.0021,0.0660,1
-0.0028,0.0681,1
-0.0027,0.0670,1
0.0021,0.0660,1
-0.0003,0.0622,1
-0.0029,0.0687,1
0.0033,0.0670,1
-0.0017,0.0674,1
0.0028,0.0666,1
0.0002,0.0656,1
-0.0024,0.0662,1
0.0007,0.0671,1
0.0050,0.0659,1
-0.0001,0.0595,1
-0.0030,0.0603,1
0.0030,0.0619,1
0.0030,0.0590,1
-0.0002,0.0627,1
0.0019,0.0595,1
-0.0015,0.0623,1
0.0022,0.0629,1
0.0010,0.0607,1
-0.0005,0.0589,1
0.0008,0.0599,1
-0.0043,0.0623,1
-0.0022,0.0584,1
0.0001,0.0591,1
0.0010,0.0584,1
0.0020,0.0595,1
0.0025,0.0576,1
-0.0007,0.0564,1
0.0024,0.0586,1
-0.0027,0.0589,1
0.0006,0.0565,1
-0.0001,0.0588,1
0.0002,0.0576,1
0.0007,0.0560,1
-0.0016,0.0573,1
-0.0011,0.0558,1
0.0007,0.0558,1
0.0006,0.0544,1
-0.0015,0.0557,1
0.0000,0.0539,1
0.0003,0.0544,1
0.0003,0.0555,1
0.0014,0.0552,1
-0.0008,0.0550,1
-0.0007,0.0532,1
0.0000,0.0543,1
0.0007,0.0527,1
-0.0009,0.0536,1
0.0008,0.0529,1
-0.0000,0.0527,1
-0.0005,0.0519,1
-0.0004,0.0517,1
0.0001,0.0521,1
-0.0002,0.0518,1
0.0005,0.0516,1
-0.0003,0.0510,1
-0.0000,0.0509,1
0.0002,0.0506,1
-0.0000,0.0502,1
0.0000,0.0500,1
