x,y
0.1705,1.9429
0.0633,1.9388
0.3070,1.9571
0.0040,1.9503
-0.0562,1.9524
-0.2362,1.9664
0.2042,1.9447
0.0006,1.9648
0.1594,1.9413
-0.1874,1.9403
0.1364,1.9594
-0.0298,1.9561
-0.1580,1.9450
-0.0659,1.9706
-0.0668,1.9486
-0.2555,1.9520
0.0739,1.9575
-0.2059,1.9671
0.0379,1.9315
-0.2322,1.9380
-0.0326,1.9494
-0.0424,1.9332
0.0260,1.9547
-0.1515,1.9617
-0.1527,1.9689
0.0332,1.9760
-0.2330,1.9494
0.0558,1.9407
-0.1365,1.9636
0.3119,1.9529
0.0087,1.9460
-0.1207,1.9636
-0.0110,1.9699
0.1516,1.9397
-0.1636,1.9609
-0.0698,1.9420
-0.1375,1.9676
-0.1167,1.9618
0.0459,1.9471
-0.0518,1.9408
0.0235,1.9504
0.2833,1.9654
-0.2108,1.9422
-0.0722,1.9451
-0.2723,1.9474
0.2143,1.9390
-0.1030,1.9735
-0.0335,1.9498
0.1586,1.9375
-0.2067,1.9308
-0.0525,1.9541
-0.1316,1.9264
0.0176,1.9511
0.0336,1.9746
0.0327,1.9581
-0.1589,1.9417
-0.1439,1.9404
0.0074,1.9770
0.0937,1.9571
-0.1171,1.9581
-0.2412,1.9548
0.0196,1.9741
0.2391,1.9680
0.0223,1.9698
0.0743,1.9608
0.0160,1.9629
-0.1121,1.9613
-0.0359,1.9477
-0.0217,1.9672
-0.0163,1.9513
0.3007,1.9409
0.0596,1.9644
-0.1838,1.9485
-0.1611,1.9657
-0.0588,1.9367
0.0816,1.9734
0.0720,1.9626
-0.3148,1.9539
-0.0152,1.9631
-0.2229,1.9401
-0.0216,1.9432
0.1219,1.9385
-0.2492,1.9450
-0.0604,1.9714
-0.1904,1.9711
0.2559,1.9272
-0.2783,1.9378
0.1047,1.9407
-0.1370,1.9584
-0.2457,1.9314
0.1734,1.9699
0.1323,1.9510
-0.1886,1.9542
0.1125,1.9497
-0.0101,1.9418
-0.0539,1.9781
0.0812,1.9373
-0.2482,1.9494
0.0353,1.9679
0.0001,1.9732
0.0440,1.9414
0.1332,1.9408
-0.0287,1.9458
-0.0614,1.9698
-0.2237,1.9635
0.0073,1.9473
-0.1054,1.9649
-0.1980,1.9588
0.2060,1.9434
-0.0448,1.9389
0.1946,1.9311
-0.1440,1.9325
0.0985,1.9498
0.2275,1.9375
0.1708,1.9714
-0.0448,1.9552
-0.1839,1.9518
0.0615,1.9706
0.0259,1.9417
-0.1349,1.9551
0.0488,1.9456
0.0712,1.9435
0.0892,1.9571
-0.2820,1.9552
0.1167,1.9542
-0.0487,1.9330
-0.0079,1.9591
0.2889,1.9319
-0.1535,1.9601
0.2622,1.9490
0.2164,1.9557
-0.2671,1.9619
-0.1057,1.9641
-0.1728,1.9506
0.0814,1.9402
0.2969,1.9338
0.1849,1.9426
-0.1988,1.9338
-0.2186,1.9406
-0.0347,1.9508
0.1921,1.9314
0.0194,1.9449
0.1824,1.9436
-0.2471,1.9476
-0.1919,1.9656
0.2292,1.9319
-0.0844,1.9532
0.2676,1.9543
0.0484,1.9722
0.1599,1.9479
-0.2243,1.9449
0.1144,1.9518
0.2316,1.9327
0.2197,1.9669
-0.0599,1.9587
0.0114,1.9660
0.0560,1.9427
-0.0685,1.9541
0.0278,1.9650
-0.2915,1.9581
-0.1359,1.9324
-0.1780,1.9268
0.0678,1.9626
-0.0326,1.9566
0.0300,1.9632
0.1354,1.9638
0.0629,1.9369
0.1313,1.9230
-0.1747,1.8877
0.0219,1.9070
0.0978,1.8923
-0.1857,1.8865
-0.1209,1.8967
-0.0891,1.9187
0.0373,1.9138
0.0884,1.9201
0.2653,1.8840
-0.0439,1.9101
0.0905,1.9070
0.0218,1.9138
-0.2055,1.8860
-0.0765,1.9098
-0.1485,1.8961
-0.1952,1.9084
0.0837,1.9009
-0.0571,1.9194
0.2788,1.8772
0.1085,1.9044
-0.0081,1.8898
-0.0145,1.9077
-0.0918,1.9163
-0.1662,1.9175
0.0659,1.9078
0.0324,1.9028
0.0554,1.8926
-0.0573,1.9197
0.2724,1.8819
0.1655,1.9070
0.0281,1.9077
0.1912,1.9006
-0.0743,1.8974
-0.0678,1.9216
-0.1100,1.8950
-0.2080,1.8969
-0.2147,1.9000
0.0598,1.8955
-0.2556,1.9046
-0.0551,1.8769
-0.1397,1.8861
0.3002,1.9022
0.1819,1.9091
-0.1761,1.9090
-0.0128,1.9192
0.0830,1.8967
-0.1775,1.8730
-0.0706,1.9169
-0.1769,1.9072
0.0840,1.9135
-0.1110,1.8940
-0.1972,1.9009
0.0946,1.9084
-0.0251,1.9232
0.0661,1.9016
-0.1415,1.8893
0.1188,1.9091
-0.1320,1.9135
-0.1991,1.9118
-0.0270,1.8958
0.2857,1.8777
0.1940,1.8894
0.1019,1.9180
0.0374,1.9104
-0.2314,1.9126
0.1944,1.9075
0.0660,1.9016
-0.0046,1.9095
0.1115,1.9077
-0.0132,1.8911
-0.1169,1.9055
0.1334,1.8888
-0.1976,1.9089
0.1366,1.9046
-0.1347,1.9154
0.2682,1.9011
-0.1141,1.8984
0.2258,1.9128
0.0023,1.8942
-0.2400,1.8836
-0.2485,1.8873
0.0653,1.9042
-0.1997,1.8833
0.0790,1.8894
0.0489,1.9229
0.0805,1.8916
0.0486,1.8938
-0.2350,1.8983
0.1486,1.9034
-0.0203,1.9005
0.1483,1.9002
0.1549,1.8877
0.1790,1.9073
0.0266,1.9059
0.2134,1.8945
0.0367,1.8994
0.0992,1.9073
0.1875,1.9078
-0.1876,1.8895
0.1485,1.8974
-0.2145,1.8887
0.0804,1.8968
-0.1676,1.8953
-0.0861,1.8977
0.0592,1.8942
-0.0655,1.8852
-0.0044,1.9026
0.1051,1.9017
-0.1546,1.8895
-0.0985,1.8911
-0.1868,1.9141
-0.2883,1.8998
0.1689,1.8921
0.2639,1.9009
-0.1195,1.8990
-0.1144,1.8927
-0.2403,1.9104
-0.0551,1.8943
-0.2241,1.8917
-0.1993,1.8822
-0.1994,1.8979
0.2447,1.8786
-0.0052,1.9001
0.0579,1.9080
-0.1702,1.8878
0.1570,1.8991
-0.0502,1.9107
-0.2748,1.9082
-0.0848,1.9089
0.2194,1.9026
-0.0918,1.9097
0.0142,1.9210
-0.2373,1.8922
0.1457,1.9001
0.0947,1.8931
-0.2928,1.8983
-0.2141,1.9030
0.0759,1.8867
-0.1717,1.8937
0.0770,1.8988
-0.2063,1.8933
-0.0363,1.8926
0.1373,1.8841
0.0151,1.8782
-0.1381,1.9066
0.0088,1.9007
0.2396,1.8866
0.0991,1.9216
-0.0183,1.8926
-0.0074,1.9191
-0.1357,1.9154
0.0117,1.8925
0.0033,1.9195
-0.1213,1.9043
0.1925,1.9082
0.0793,1.9132
0.0386,1.8943
-0.1061,1.8960
-0.0286,1.9115
-0.0058,1.8961
0.2136,1.9046
-0.0175,1.8829
0.1807,1.9057
-0.2366,1.8904
0.1159,1.9030
-0.0059,1.8591
0.2743,1.8299
-0.0997,1.8441
-0.0261,1.8498
-0.2629,1.8275
0.2608,1.8547
0.1018,1.8510
-0.2159,1.8522
0.1698,1.8597
0.1740,1.8540
0.0163,1.8595
0.0572,1.8534
-0.1548,1.8413
-0.0480,1.8368
0.1493,1.8506
-0.2410,1.8298
0.0320,1.8376
0.0609,1.8355
-0.1848,1.8559
-0.1050,1.8581
-0.0927,1.8684
0.1155,1.8543
-0.0768,1.8388
-0.1525,1.8477
-0.0587,1.8567
-0.0629,1.8695
0.0781,1.8378
-0.0453,1.8579
0.0842,1.8569
0.0554,1.8559
-0.1776,1.8466
0.0271,1.8574
0.1045,1.8376
0.0117,1.8241
0.0367,1.8669
-0.2016,1.8406
-0.1217,1.8464
0.2476,1.8250
0.1083,1.8591
0.1557,1.8499
0.2225,1.8354
0.0880,1.8499
-0.0649,1.8318
0.1854,1.8567
0.0331,1.8350
-0.2517,1.8539
-0.1513,1.8373
-0.2156,1.8367
-0.2359,1.8310
0.2881,1.8515
0.2601,1.8482
0.2422,1.8283
0.1352,1.8334
-0.0833,1.8477
0.0956,1.8496
0.1104,1.8566
-0.0428,1.8541
0.0872,1.8435
0.0980,1.8443
-0.1758,1.8440
0.0813,1.8574
-0.0273,1.8460
-0.1782,1.8502
-0.2136,1.8238
0.1110,1.8281
-0.0200,1.8388
0.0937,1.8606
-0.0847,1.8486
0.0383,1.8499
0.1996,1.8351
0.1593,1.8613
0.2723,1.8516
0.0377,1.8534
0.0311,1.8464
0.2425,1.8251
0.1034,1.8485
-0.1261,1.8334
0.2731,1.8480
-0.1499,1.8500
0.1467,1.8544
0.0182,1.8462
0.1865,1.8506
-0.1901,1.8345
-0.1144,1.8334
0.2167,1.8568
-0.2106,1.8386
0.1363,1.8489
0.0546,1.8494
0.0025,1.8405
0.1998,1.8492
0.1597,1.8472
0.1868,1.8595
-0.2175,1.8255
-0.1402,1.8346
-0.0258,1.8334
0.0622,1.8463
-0.1440,1.8279
0.0309,1.8555
0.0470,1.8554
-0.0526,1.8447
-0.1977,1.8592
0.0724,1.8423
0.2154,1.8460
0.2216,1.8486
0.2039,1.8523
0.0308,1.8323
-0.0348,1.8571
0.2477,1.8462
-0.2410,1.8362
0.1819,1.8438
-0.1234,1.8351
0.2273,1.8505
0.1248,1.8312
0.2420,1.8321
0.2519,1.8395
-0.2147,1.8237
-0.0529,1.8415
-0.0309,1.8662
0.0222,1.8549
0.0862,1.8338
0.0780,1.8231
0.0009,1.8681
-0.0315,1.8415
0.2257,1.8434
0.0248,1.8523
-0.1740,1.8595
0.1931,1.8284
-0.1824,1.8459
-0.1021,1.8556
-0.1956,1.8487
-0.0364,1.8419
0.0155,1.8356
-0.2290,1.8439
0.2382,1.8349
-0.0720,1.8462
-0.1335,1.8436
0.1368,1.8458
-0.0460,1.8648
-0.0745,1.8537
-0.2035,1.8380
-0.2502,1.8560
0.0514,1.8354
-0.2066,1.8579
0.1210,1.8302
0.1574,1.8489
0.0129,1.8664
-0.1492,1.8355
0.2887,1.8476
-0.1397,1.8386
-0.0797,1.8513
-0.1180,1.8468
-0.1738,1.8623
0.0213,1.8516
0.0088,1.8433
0.2578,1.8409
0.1015,1.8503
0.0136,1.8624
0.2422,1.8310
0.0403,1.8354
0.2342,1.8224
0.0342,1.8633
0.0505,1.8435
0.1580,1.8303
-0.0383,1.8403
-0.1084,1.8495
0.1116,1.8442
0.0396,1.8642
-0.0101,1.7793
0.0476,1.7843
-0.2251,1.7794
-0.0136,1.7771
0.1468,1.7873
0.1528,1.7868
-0.0027,1.7792
-0.1850,1.7817
0.1171,1.7700
-0.1441,1.7961
0.0690,1.7952
-0.1898,1.7913
-0.0996,1.7933
0.0572,1.7981
-0.0954,1.7827
-0.1308,1.7897
0.0937,1.8044
-0.1116,1.7831
-0.0159,1.7703
0.0336,1.7820
-0.1043,1.7878
0.1796,1.7991
-0.2265,1.7954
-0.0151,1.7929
0.1678,1.7642
-0.0385,1.7767
0.1137,1.7894
0.0940,1.7746
-0.1328,1.7866
-0.1290,1.7741
-0.0342,1.7909
-0.0913,1.7919
0.0322,1.7672
0.0277,1.7812
0.1808,1.7887
0.0156,1.8064
-0.0004,1.8003
0.1091,1.7774
0.0698,1.7813
0.2031,1.7830
-0.1514,1.7831
-0.1007,1.7766
-0.0484,1.8040
-0.1799,1.7790
0.2153,1.7718
-0.0418,1.7794
0.0263,1.7973
-0.1929,1.7743
0.0412,1.7976
-0.0639,1.7986
0.1975,1.7968
-0.0473,1.7939
-0.1534,1.7915
-0.1686,1.7838
0.1728,1.7712
-0.1920,1.7719
-0.1287,1.7808
0.1902,1.7818
0.0925,1.7881
0.0548,1.7844
0.2532,1.7873
-0.1673,1.7889
0.0758,1.7804
-0.0234,1.8093
0.0898,1.7831
0.0135,1.7855
-0.0686,1.7924
0.1738,1.7747
-0.1600,1.7884
-0.1668,1.7659
-0.1358,1.7853
-0.2195,1.7941
-0.1276,1.7799
-0.1442,1.7928
-0.1823,1.7998
-0.1968,1.7758
-0.0034,1.7924
0.0994,1.7733
-0.1606,1.7794
-0.1239,1.7784
-0.0553,1.7766
0.0264,1.7947
-0.0110,1.7866
-0.0174,1.7786
-0.2334,1.7693
-0.1046,1.7691
-0.0589,1.7885
0.1204,1.7865
-0.1292,1.8010
-0.0886,1.7860
-0.1794,1.7857
-0.1496,1.7853
0.0517,1.8042
0.0913,1.8023
0.2447,1.7763
-0.2685,1.7622
0.1264,1.7793
0.0780,1.7918
0.0382,1.7874
-0.1668,1.7682
0.2498,1.7657
0.0332,1.7876
0.0156,1.7776
0.1456,1.7881
-0.0809,1.8051
0.0699,1.7916
0.0697,1.7928
-0.0671,1.8071
0.1658,1.7868
-0.1237,1.7902
0.2531,1.7653
-0.1030,1.7933
0.1054,1.7848
-0.0144,1.8068
-0.2139,1.7845
-0.0992,1.7848
-0.0358,1.7923
-0.0367,1.7794
0.0805,1.8027
0.1932,1.7977
-0.1422,1.7791
-0.0458,1.7749
-0.2186,1.7866
-0.0071,1.7807
-0.2125,1.7670
0.0361,1.7885
0.0955,1.7753
-0.1302,1.7950
-0.2634,1.7636
0.1053,1.7975
-0.1580,1.7933
-0.1418,1.7915
0.1988,1.7687
0.0593,1.7935
-0.2096,1.7696
0.2068,1.7887
0.1197,1.7761
0.1287,1.7887
0.2651,1.7692
-0.0660,1.7790
0.1945,1.7732
-0.1462,1.7911
0.0238,1.7623
-0.1053,1.8016
0.1438,1.7898
-0.1321,1.7981
-0.0951,1.7948
-0.1176,1.8031
0.2038,1.7988
-0.1227,1.7844
-0.1168,1.7852
0.1729,1.7901
0.0995,1.7838
0.0590,1.7949
0.2434,1.7724
-0.0386,1.7861
-0.1481,1.7952
0.0787,1.7791
0.0484,1.7817
-0.1874,1.7821
0.1656,1.7933
-0.1387,1.7957
-0.1936,1.7857
0.0417,1.7714
0.0477,1.7830
0.0549,1.7951
-0.1474,1.7981
0.0742,1.7438
0.0556,1.7278
-0.1746,1.7306
0.1502,1.7039
-0.1402,1.7351
-0.2363,1.7266
-0.1209,1.7217
-0.1371,1.7321
0.0273,1.7294
-0.1600,1.7232
0.1839,1.7124
-0.1580,1.7321
0.0610,1.7299
0.1764,1.7048
-0.1679,1.7322
-0.1315,1.7264
-0.0298,1.7398
-0.0817,1.7188
-0.1710,1.7244
0.0986,1.7193
-0.0785,1.7128
-0.1633,1.7317
0.2377,1.7298
0.1388,1.7113
0.0354,1.7215
0.0569,1.7353
0.1476,1.7415
0.1770,1.7142
-0.0802,1.7418
0.0465,1.7338
-0.1824,1.7395
-0.2163,1.7195
-0.0272,1.7172
0.1502,1.7186
0.0232,1.7215
-0.1512,1.7150
-0.2371,1.7145
0.0599,1.7391
-0.0586,1.7282
0.1408,1.7236
-0.1205,1.7259
-0.0487,1.7383
-0.2096,1.7155
-0.1551,1.7171
-0.1750,1.7372
-0.1349,1.7321
0.2180,1.7250
-0.1318,1.7392
-0.0436,1.7408
0.2212,1.7120
0.0917,1.7205
0.2499,1.7220
0.2637,1.7271
0.1790,1.7144
-0.0904,1.7269
0.2377,1.7106
0.1186,1.7409
0.0655,1.7237
0.0403,1.7408
0.1933,1.7207
-0.2386,1.7057
0.1240,1.7300
0.1673,1.7272
-0.0935,1.7439
0.0848,1.7099
0.1308,1.7353
-0.0602,1.7356
0.0568,1.7243
-0.1615,1.7400
-0.1501,1.7425
0.0299,1.7324
-0.1546,1.7046
0.0659,1.7477
0.1768,1.7254
0.2159,1.7325
0.0643,1.7172
-0.0743,1.7309
0.2336,1.7140
0.1291,1.7402
0.0134,1.7463
-0.1400,1.7149
0.0153,1.7255
0.1091,1.7397
0.1881,1.7174
0.0242,1.7190
-0.0282,1.7322
-0.0598,1.7128
-0.0280,1.7178
-0.1310,1.7338
0.2360,1.7219
0.0924,1.7329
0.1504,1.7171
0.0301,1.7415
0.1456,1.7331
0.1325,1.7418
0.1516,1.7288
0.1117,1.7212
-0.1076,1.7205
-0.0574,1.7441
0.0437,1.7343
0.1197,1.7344
0.0980,1.7171
0.0716,1.7348
0.0528,1.7232
-0.2051,1.7062
-0.0367,1.7340
-0.0207,1.7167
0.2235,1.7333
0.0614,1.7333
-0.0332,1.7173
-0.0591,1.7233
0.1441,1.7343
-0.1058,1.7359
0.1127,1.7421
-0.0515,1.7309
0.2601,1.7187
-0.1528,1.7183
-0.1424,1.7149
-0.1114,1.7392
0.0062,1.7252
0.0128,1.7373
0.1744,1.7326
0.1598,1.7092
0.0844,1.7384
0.1189,1.7305
0.2091,1.7153
0.1547,1.7179
-0.1719,1.7336
0.1456,1.7219
0.0281,1.7385
0.1292,1.7288
0.0854,1.7240
0.0469,1.7143
-0.0028,1.7271
0.1170,1.7034
0.0007,1.7377
0.0543,1.7269
-0.1774,1.7146
0.1491,1.7185
-0.0841,1.7177
0.1733,1.7266
-0.0186,1.7427
0.1340,1.7391
0.0868,1.7371
-0.0851,1.7035
0.1329,1.7141
0.2037,1.7233
0.0411,1.7055
-0.2168,1.7373
-0.1547,1.7311
-0.0716,1.7340
-0.1947,1.7183
-0.2041,1.7282
-0.0191,1.7085
-0.1057,1.7336
-0.2216,1.7136
0.0372,1.7458
0.1078,1.7339
0.1516,1.7144
-0.1865,1.7184
0.1943,1.7134
-0.2126,1.7326
0.0442,1.7331
0.1252,1.7329
-0.1397,1.7179
-0.2556,1.7047
-0.2379,1.6556
0.1749,1.6683
-0.1856,1.6510
-0.0577,1.6685
-0.0507,1.6738
0.1853,1.6519
-0.1095,1.6568
0.0780,1.6594
0.1899,1.6628
0.1456,1.6772
-0.1408,1.6755
-0.0921,1.6751
-0.1192,1.6608
-0.0313,1.6743
-0.0766,1.6646
-0.1767,1.6477
-0.0634,1.6765
-0.1510,1.6485
0.0960,1.6651
0.0068,1.6568
-0.0937,1.6767
-0.2107,1.6596
0.2030,1.6685
0.2082,1.6574
0.1481,1.6633
-0.0614,1.6631
0.2172,1.6683
0.1314,1.6643
0.0665,1.6490
-0.2189,1.6436
0.0909,1.6672
0.0212,1.6704
0.0145,1.6598
-0.0382,1.6759
0.2185,1.6537
-0.0310,1.6637
-0.0104,1.6664
0.1128,1.6523
0.0229,1.6509
0.1752,1.6632
-0.0240,1.6646
0.0258,1.6748
0.0695,1.6658
0.0947,1.6673
-0.1035,1.6695
0.1203,1.6485
0.0207,1.6647
0.1157,1.6631
0.0646,1.6638
-0.1133,1.6735
-0.0747,1.6813
-0.0934,1.6631
-0.0898,1.6577
0.1446,1.6609
-0.1997,1.6743
-0.1379,1.6593
-0.1464,1.6708
0.2068,1.6499
-0.1611,1.6581
0.0979,1.6543
-0.0028,1.6818
0.1883,1.6703
0.0279,1.6709
0.2228,1.6405
0.1179,1.6522
0.0338,1.6545
0.0862,1.6570
-0.0722,1.6715
-0.2277,1.6672
0.1697,1.6536
0.0182,1.6579
0.0921,1.6463
0.1934,1.6464
0.1739,1.6614
-0.0610,1.6492
-0.2247,1.6605
0.1367,1.6494
-0.1365,1.6516
-0.0262,1.6688
-0.1723,1.6522
0.1872,1.6533
0.1235,1.6607
0.1881,1.6614
0.2043,1.6713
-0.0365,1.6681
-0.0372,1.6603
-0.0676,1.6532
0.1248,1.6495
0.1525,1.6770
-0.1142,1.6479
0.1658,1.6573
-0.0146,1.6604
0.1623,1.6512
-0.1514,1.6684
0.0100,1.6756
0.0923,1.6577
0.1599,1.6534
0.1522,1.6529
0.1429,1.6658
-0.0393,1.6668
-0.0832,1.6655
0.1314,1.6656
-0.1471,1.6725
-0.0629,1.6773
-0.1620,1.6472
0.0358,1.6683
0.1448,1.6627
-0.0153,1.6488
0.1137,1.6611
0.1430,1.6627
-0.0027,1.6706
0.1580,1.6589
0.0211,1.6550
0.0180,1.6721
0.0920,1.6543
-0.0398,1.6495
-0.1803,1.6741
0.0846,1.6557
0.1507,1.6642
0.2278,1.6513
0.0812,1.6680
-0.1325,1.6682
-0.1992,1.6560
0.1373,1.6673
0.0833,1.6656
-0.0173,1.6826
0.1457,1.6481
-0.1057,1.6784
0.1047,1.6745
0.0553,1.6706
0.2126,1.6663
0.0734,1.6625
-0.0085,1.6519
-0.2123,1.6642
-0.0135,1.6791
-0.0017,1.6640
-0.1108,1.6631
0.1108,1.6495
0.0841,1.6732
0.0002,1.6501
-0.1608,1.6690
0.2090,1.6476
-0.0074,1.6675
-0.0094,1.6550
0.1468,1.6643
0.0224,1.6615
0.1220,1.6469
0.1675,1.6680
-0.0738,1.6643
0.0023,1.6587
-0.2011,1.6472
0.1000,1.6699
-0.1457,1.6483
0.2090,1.6564
0.0346,1.6617
-0.0865,1.6734
0.0847,1.6738
0.1143,1.6660
0.0240,1.6781
-0.2359,1.6504
-0.0447,1.6538
-0.0433,1.6758
0.1285,1.6502
-0.0116,1.6707
-0.0004,1.6531
-0.0713,1.6528
-0.1194,1.6684
0.0027,1.6001
-0.0328,1.5882
0.0706,1.6039
-0.1668,1.6032
0.0427,1.5894
-0.1359,1.6010
-0.1003,1.5867
0.1044,1.5881
0.1418,1.5919
-0.0366,1.5881
0.0151,1.5914
0.1250,1.6062
0.0541,1.6028
-0.0569,1.6066
0.0751,1.5978
0.1269,1.5783
0.1229,1.5876
-0.0934,1.5968
0.0025,1.6002
0.1166,1.5844
-0.0612,1.6030
-0.0861,1.5966
-0.0903,1.5953
0.2096,1.5816
0.0578,1.5869
0.0179,1.5823
0.1135,1.5899
0.1437,1.6011
0.1610,1.5879
0.1178,1.6043
0.0320,1.5965
0.0930,1.6126
-0.1174,1.5906
0.0379,1.6010
0.1947,1.5931
0.0480,1.5900
0.0371,1.5840
-0.1260,1.5841
0.1339,1.5852
-0.1439,1.6054
0.0753,1.6021
-0.1758,1.6007
-0.1484,1.5972
-0.0860,1.5961
0.0359,1.6101
-0.0440,1.5832
-0.1282,1.6046
0.0981,1.5913
-0.1210,1.5906
-0.1528,1.5891
-0.1042,1.6076
0.0182,1.6012
-0.0286,1.6114
0.1467,1.5811
-0.1272,1.5889
-0.1543,1.5835
0.1969,1.5948
0.0245,1.6091
0.1580,1.5887
-0.0246,1.6091
-0.0971,1.5848
-0.1175,1.6023
0.1311,1.5988
0.1669,1.5906
-0.1292,1.6043
-0.2195,1.5953
0.1959,1.6038
0.0289,1.6019
0.2079,1.5940
0.1385,1.5957
-0.0005,1.6142
0.2047,1.5817
0.0795,1.5774
-0.0588,1.5993
-0.1801,1.6001
-0.0726,1.5935
0.0701,1.5945
-0.0272,1.6091
-0.1460,1.5943
-0.0565,1.5860
0.0807,1.5924
0.1588,1.5955
0.0261,1.6114
0.0186,1.5955
0.0624,1.5883
-0.0708,1.6070
-0.1507,1.5846
0.0020,1.5914
0.0994,1.5859
-0.0767,1.5953
-0.1934,1.6051
-0.0189,1.5995
-0.0251,1.5917
0.1597,1.5944
-0.1107,1.6087
-0.0518,1.5987
-0.0823,1.6068
0.0616,1.6023
0.1014,1.5984
-0.0440,1.5903
-0.1260,1.6032
0.1109,1.6043
0.1808,1.5950
0.0813,1.5993
0.1375,1.5982
-0.1221,1.5904
0.0201,1.6039
-0.1176,1.5813
-0.1332,1.5827
-0.0876,1.5895
0.0696,1.6060
-0.1862,1.5857
-0.0372,1.6046
-0.0492,1.5961
0.1590,1.6082
-0.0141,1.6009
0.1947,1.5992
-0.0309,1.5913
-0.1983,1.5906
-0.0815,1.6068
0.0357,1.6132
0.1348,1.5956
-0.0647,1.5938
-0.2290,1.5983
-0.1569,1.6030
-0.0893,1.6010
-0.0817,1.5996
0.1048,1.5894
-0.0643,1.6035
-0.1603,1.5855
0.1594,1.5953
-0.1379,1.5982
-0.0855,1.5849
0.2101,1.5775
0.0837,1.5934
0.0848,1.6102
0.0153,1.6107
-0.0906,1.5954
0.0012,1.6038
-0.0782,1.6006
-0.1141,1.5917
0.0790,1.5951
0.0520,1.5959
0.1407,1.6021
-0.0105,1.5935
0.0418,1.5902
-0.0946,1.6073
-0.1795,1.5913
-0.1084,1.5956
-0.0319,1.5982
0.1648,1.5904
0.1258,1.6031
-0.0966,1.5803
-0.1791,1.5838
-0.1211,1.5961
-0.1282,1.6049
-0.1173,1.5965
-0.2051,1.6046
-0.0121,1.6083
0.1388,1.6073
-0.1880,1.6024
-0.2265,1.5783
-0.0761,1.5956
-0.0386,1.6110
-0.0892,1.5932
-0.0006,1.5978
-0.1405,1.6052
-0.0219,1.5440
-0.0456,1.5306
-0.0681,1.5276
0.1102,1.5365
0.1368,1.5157
0.1444,1.5216
-0.1080,1.5156
-0.0022,1.5334
-0.0059,1.5227
-0.0990,1.5168
-0.1135,1.5393
-0.0387,1.5369
0.0843,1.5287
-0.0851,1.5221
-0.1290,1.5321
-0.1795,1.5142
0.1016,1.5301
-0.0134,1.5401
-0.1692,1.5160
-0.1688,1.5300
0.1169,1.5228
0.1908,1.5246
0.1891,1.5271
-0.0878,1.5252
0.0189,1.5306
-0.1527,1.5354
-0.1368,1.5157
-0.0937,1.5232
0.0605,1.5230
-0.0561,1.5102
-0.1548,1.5256
0.0760,1.5268
0.0552,1.5367
0.0198,1.5182
0.0597,1.5191
0.0109,1.5278
-0.0379,1.5138
0.0927,1.5269
0.0981,1.5174
-0.1451,1.5398
0.1112,1.5400
-0.0626,1.5211
-0.0290,1.5311
-0.2176,1.5308
0.1361,1.5328
0.0110,1.5383
-0.0422,1.5177
-0.1638,1.5153
-0.1754,1.5300
0.0388,1.5335
-0.0976,1.5238
-0.1133,1.5278
0.0428,1.5363
-0.2032,1.5226
0.1413,1.5228
0.0412,1.5317
-0.1510,1.5150
0.0971,1.5206
-0.0418,1.5404
0.0149,1.5364
-0.0986,1.5158
0.0204,1.5439
0.0612,1.5173
-0.0483,1.5159
0.1886,1.5145
0.0306,1.5214
0.1405,1.5178
0.0908,1.5199
0.0950,1.5359
-0.0379,1.5299
-0.1667,1.5271
-0.0532,1.5329
0.0536,1.5294
0.1112,1.5372
0.2105,1.5191
-0.0523,1.5261
0.0727,1.5265
0.1988,1.5214
-0.1376,1.5320
0.0248,1.5111
0.1499,1.5277
-0.1128,1.5342
-0.1452,1.5223
0.1707,1.5172
0.0317,1.5173
-0.1741,1.5119
-0.1149,1.5288
0.0293,1.5214
-0.0510,1.5336
0.0894,1.5406
0.0692,1.5240
-0.1552,1.5273
-0.0039,1.5138
-0.1365,1.5125
-0.0935,1.5160
0.0521,1.5347
-0.0637,1.5297
0.0679,1.5240
-0.0496,1.5330
0.0103,1.5276
0.0554,1.5103
-0.1384,1.5383
-0.0890,1.5405
0.1222,1.5298
-0.0582,1.5249
-0.0615,1.5243
-0.1008,1.5200
0.0924,1.5354
0.1748,1.5186
-0.0913,1.5295
-0.0522,1.5299
-0.1114,1.5386
-0.0787,1.5235
-0.0140,1.5218
-0.1818,1.5286
0.1438,1.5269
-0.1113,1.5241
-0.0426,1.5182
0.1067,1.5125
-0.1517,1.5363
0.1280,1.5339
0.1721,1.5343
0.0387,1.5358
0.1108,1.5165
-0.0388,1.5391
0.0314,1.5327
0.0268,1.5276
0.1962,1.5214
-0.0775,1.5242
0.1138,1.5218
0.0313,1.5245
-0.0174,1.5339
-0.0788,1.5228
0.1352,1.5207
0.0920,1.5204
-0.1902,1.5297
0.0660,1.5318
-0.1724,1.5296
0.1492,1.5288
-0.0462,1.5223
-0.0665,1.5204
0.0094,1.5294
0.0309,1.5407
-0.0971,1.5403
0.0680,1.5188
0.1209,1.5259
-0.1971,1.5222
-0.0701,1.5114
0.1254,1.5295
0.0427,1.5175
-0.1162,1.5319
-0.0385,1.5296
0.0504,1.5124
0.0423,1.5376
-0.1564,1.5291
0.0698,1.5345
0.1899,1.5081
-0.1909,1.5252
-0.1637,1.5213
0.1789,1.5183
-0.0189,1.5264
0.0398,1.5300
-0.1352,1.5389
0.0843,1.5218
-0.0919,1.5321
0.1231,1.5321
-0.1448,1.4450
-0.1165,1.4633
-0.0286,1.4588
-0.0819,1.4590
-0.0843,1.4417
0.0977,1.4430
-0.1495,1.4528
-0.0856,1.4517
-0.0380,1.4562
0.0246,1.4536
0.1701,1.4403
-0.1586,1.4471
-0.0420,1.4600
0.0088,1.4719
-0.0233,1.4553
-0.0342,1.4566
-0.1907,1.4606
0.1527,1.4429
0.0119,1.4504
0.0728,1.4561
-0.0834,1.4483
-0.1389,1.4502
0.1431,1.4440
0.0102,1.4588
0.0972,1.4532
-0.0373,1.4487
-0.1130,1.4528
0.1195,1.4621
0.1716,1.4537
0.0320,1.4410
-0.0059,1.4625
-0.0354,1.4510
-0.0563,1.4602
-0.1430,1.4574
-0.1190,1.4421
0.0959,1.4497
0.0233,1.4659
-0.0641,1.4700
0.1770,1.4489
0.1286,1.4465
-0.0703,1.4501
-0.0909,1.4561
-0.0269,1.4690
-0.0053,1.4630
-0.1689,1.4632
0.0077,1.4543
-0.1781,1.4474
0.0527,1.4706
0.0830,1.4411
-0.0936,1.4576
0.0337,1.4560
-0.1036,1.4501
-0.1146,1.4653
0.0199,1.4569
-0.0738,1.4536
-0.0666,1.4563
-0.1334,1.4503
-0.1833,1.4501
0.1322,1.4589
-0.0622,1.4621
-0.0514,1.4654
-0.1599,1.4557
0.0951,1.4586
-0.0743,1.4584
0.0932,1.4643
0.0851,1.4486
0.0974,1.4604
-0.1167,1.4582
-0.0678,1.4497
0.0272,1.4502
-0.1861,1.4396
-0.1061,1.4606
-0.1124,1.4476
0.0889,1.4480
-0.1431,1.4482
0.0808,1.4618
-0.1012,1.4487
-0.0938,1.4557
-0.1381,1.4595
0.0199,1.4629
0.1314,1.4580
-0.1173,1.4564
-0.1993,1.4467
-0.1407,1.4565
0.1717,1.4565
-0.0184,1.4577
0.0206,1.4434
-0.0889,1.4554
0.0572,1.4657
0.1285,1.4617
-0.0542,1.4667
0.0603,1.4655
0.0676,1.4698
-0.1902,1.4401
0.0982,1.4495
0.1145,1.4516
-0.0863,1.4424
-0.1444,1.4512
0.0855,1.4568
0.0075,1.4580
-0.1146,1.4643
-0.1088,1.4643
0.1009,1.4583
0.0410,1.4579
-0.0220,1.4482
0.1030,1.4626
-0.0601,1.4653
0.0687,1.4502
-0.0611,1.4583
-0.0129,1.4480
0.0828,1.4611
0.1427,1.4496
0.1296,1.4396
-0.1139,1.4499
0.0172,1.4500
-0.0717,1.4565
0.1405,1.4559
0.0358,1.4522
-0.0349,1.4552
-0.0149,1.4571
-0.1324,1.4470
-0.0562,1.4503
-0.0257,1.4533
0.0218,1.4581
-0.0593,1.4510
-0.1680,1.4569
-0.0269,1.4546
0.1619,1.4647
0.0610,1.4524
-0.1558,1.4578
0.0514,1.4587
-0.0490,1.4569
0.1438,1.4541
0.0495,1.4610
0.1550,1.4580
-0.1259,1.4628
-0.1639,1.4614
0.0738,1.4447
0.0732,1.4667
0.0910,1.4471
-0.0163,1.4428
-0.0856,1.4488
0.1125,1.4572
-0.1927,1.4426
-0.1647,1.4482
0.0991,1.4466
0.1891,1.4454
0.1301,1.4422
-0.0468,1.4680
-0.0409,1.4540
-0.1462,1.4460
-0.0425,1.4438
-0.0643,1.4537
-0.0704,1.4609
-0.1378,1.4511
0.0567,1.4614
-0.0907,1.4478
0.1245,1.4557
0.0182,1.4637
0.0505,1.4598
0.0504,1.4664
-0.1535,1.4555
0.1029,1.4498
-0.0135,1.4448
-0.0187,1.4516
-0.1033,1.4613
-0.0035,1.4466
-0.1667,1.3821
0.1649,1.3715
0.0279,1.3758
0.0983,1.3827
0.1047,1.3859
-0.0591,1.3847
-0.1739,1.3692
-0.0434,1.3934
0.1369,1.3813
0.1259,1.3764
0.1269,1.3813
0.1777,1.3788
0.1153,1.3804
-0.1243,1.3889
0.0948,1.3872
0.1600,1.3783
0.0707,1.3860
-0.1622,1.3797
0.0112,1.3867
0.1592,1.3826
-0.0861,1.3831
0.0466,1.3776
0.1317,1.3814
0.0808,1.3927
-0.1412,1.3761
-0.0653,1.3836
0.1435,1.3872
-0.1083,1.3761
0.0489,1.3636
0.1466,1.3848
-0.1571,1.3831
0.0221,1.3850
0.0806,1.3865
-0.0551,1.3776
0.0454,1.3905
0.0849,1.3821
-0.0022,1.3742
-0.1237,1.3813
0.1369,1.3659
-0.1033,1.3689
0.1042,1.3778
0.0439,1.3731
0.1473,1.3708
0.1450,1.3813
0.0937,1.3771
0.0013,1.3747
0.1237,1.3837
-0.1734,1.3782
0.1015,1.3740
-0.1276,1.3747
0.1600,1.3861
0.1765,1.3776
-0.1073,1.3834
0.1433,1.3825
-0.0738,1.3873
0.0261,1.3749
-0.0736,1.3842
0.1422,1.3825
0.1864,1.3657
-0.0043,1.3866
0.0187,1.3786
-0.0571,1.3870
0.1051,1.3721
0.0296,1.3917
-0.1575,1.3825
0.0019,1.3955
0.0090,1.3751
-0.0653,1.3748
0.0335,1.3721
0.1165,1.3889
0.1002,1.3904
-0.0134,1.3761
-0.0477,1.3840
-0.0837,1.3916
0.1701,1.3879
-0.0965,1.3839
-0.0765,1.3808
0.1177,1.3786
-0.1100,1.3863
0.1324,1.3829
-0.0809,1.3885
0.1558,1.3804
-0.0070,1.3867
0.0697,1.3726
-0.0094,1.3723
-0.0424,1.3656
0.1020,1.3714
-0.0099,1.3947
0.0336,1.3777
-0.0479,1.3956
0.0038,1.3907
-0.0746,1.3646
-0.1254,1.3725
-0.1159,1.3795
0.1145,1.3847
0.0451,1.3753
0.0902,1.3802
0.0650,1.3934
-0.0839,1.3924
-0.1442,1.3820
0.0392,1.3843
-0.0801,1.3795
-0.0177,1.3705
-0.1069,1.3720
-0.0650,1.3843
-0.0378,1.3834
0.0586,1.3941
0.0111,1.3721
-0.1725,1.3774
-0.1101,1.3841
-0.1030,1.3801
-0.0836,1.3787
-0.0490,1.3891
0.0815,1.3876
-0.1857,1.3668
0.0759,1.3871
-0.1326,1.3751
0.0850,1.3682
0.0235,1.3946
-0.0763,1.3715
-0.1389,1.3860
0.1199,1.3664
0.1374,1.3699
0.1711,1.3775
0.1534,1.3769
0.0224,1.3795
-0.0990,1.3747
-0.1292,1.3699
0.0550,1.3770
-0.1166,1.3842
0.0516,1.3840
-0.0468,1.3776
0.0557,1.3814
0.0078,1.3858
-0.0330,1.3806
-0.0216,1.3956
-0.0898,1.3723
0.0442,1.3771
0.0960,1.3681
-0.0414,1.3771
-0.0501,1.3786
0.1032,1.3776
0.0673,1.3733
0.1165,1.3671
0.0004,1.3790
-0.0092,1.3800
0.1258,1.3806
0.0918,1.3765
-0.0243,1.3761
-0.0853,1.3798
-0.0710,1.3690
-0.0350,1.3852
-0.0673,1.3844
0.0222,1.3837
-0.1574,1.3774
0.0160,1.3689
-0.0744,1.3857
0.0842,1.3919
-0.0701,1.3795
0.0019,1.3826
-0.1450,1.3863
-0.0244,1.3868
0.0755,1.3907
0.0715,1.3753
-0.1422,1.3674
-0.0146,1.3870
0.1146,1.3712
-0.0376,1.3002
0.1009,1.2964
-0.0972,1.3060
0.0758,1.3097
-0.0333,1.2955
0.0134,1.3052
-0.0715,1.3126
0.1133,1.2978
-0.0832,1.3154
0.0426,1.3168
0.0612,1.3009
0.0665,1.3126
-0.0284,1.3078
-0.1330,1.3031
-0.0552,1.2983
-0.0476,1.2929
0.0424,1.2945
0.1052,1.3074
-0.1140,1.3000
0.1090,1.2982
0.0522,1.2991
0.1040,1.3033
-0.1193,1.3079
-0.0126,1.3104
-0.0387,1.3001
-0.1509,1.3023
0.0567,1.2956
-0.1568,1.2927
0.0303,1.2903
0.0036,1.3145
0.0290,1.3086
-0.0829,1.3012
0.0048,1.2966
0.0084,1.3092
0.0854,1.3107
0.0584,1.3138
-0.1506,1.3073
-0.0156,1.2977
0.0580,1.3031
0.0355,1.2928
0.1413,1.3074
0.1304,1.3125
-0.0679,1.2935
-0.1440,1.2902
-0.0175,1.2929
-0.0808,1.2974
0.1504,1.3045
0.0038,1.2986
-0.1321,1.2988
-0.0875,1.2982
-0.0678,1.3055
-0.0929,1.2939
-0.1585,1.3050
0.0807,1.2970
0.0781,1.3107
0.0063,1.3113
-0.0510,1.3120
0.0885,1.3119
-0.1483,1.2984
-0.0286,1.3102
-0.0238,1.3046
0.0489,1.2984
0.1431,1.3046
-0.1452,1.3051
0.0779,1.3064
-0.1152,1.2930
-0.0532,1.3008
0.1028,1.2919
-0.0357,1.2903
0.0391,1.2968
-0.0298,1.2991
0.0860,1.3103
-0.0401,1.3094
0.1052,1.3005
0.0647,1.3095
-0.0132,1.3080
0.0568,1.3083
0.0160,1.3101
-0.0787,1.2959
-0.1146,1.2963
0.0670,1.3080
-0.0850,1.2888
0.1107,1.3056
-0.1131,1.3022
0.0914,1.3101
-0.1660,1.2906
0.0111,1.2958
-0.1035,1.2931
-0.0541,1.3162
-0.0036,1.3162
-0.0037,1.3140
-0.0448,1.2923
0.1302,1.2996
-0.0154,1.3025
-0.0719,1.3087
0.1573,1.3048
0.1161,1.2951
0.0831,1.2947
-0.0351,1.3104
0.0249,1.3109
-0.0464,1.3038
0.0046,1.3124
-0.0104,1.2887
-0.1584,1.3024
-0.0189,1.3111
0.1120,1.3032
0.1345,1.3061
0.0799,1.3087
0.0303,1.3036
-0.0042,1.2965
0.0215,1.3142
-0.0580,1.2947
0.0721,1.3116
-0.0614,1.2965
0.0521,1.3057
-0.0235,1.3007
0.1243,1.3067
0.0037,1.3063
0.0361,1.3160
0.0938,1.2976
-0.0389,1.3042
-0.0057,1.3055
0.0599,1.2939
0.0443,1.3003
0.0148,1.3067
-0.1530,1.2935
0.0387,1.2979
0.0078,1.3009
-0.0497,1.3012
0.0929,1.2989
-0.0854,1.3018
0.0713,1.3046
0.0400,1.3078
0.0442,1.3003
0.0403,1.3011
-0.0170,1.2917
-0.1005,1.3115
0.0769,1.2917
0.0598,1.2975
-0.0656,1.2954
-0.0313,1.2909
-0.1385,1.2995
0.0106,1.2984
-0.1265,1.2966
-0.0340,1.3034
0.1090,1.3038
-0.0881,1.2958
0.0939,1.3038
-0.1387,1.2894
0.0440,1.3087
0.0875,1.2950
0.0741,1.3032
-0.1442,1.2988
0.1030,1.2950
0.0532,1.2942
0.0159,1.3142
-0.1023,1.2933
0.0440,1.3104
0.0303,1.3179
0.1579,1.2933
0.0269,1.2887
-0.0504,1.3103
-0.0135,1.3048
-0.0186,1.3031
-0.0214,1.2907
0.0548,1.2982
0.0103,1.2208
-0.0522,1.2322
0.0961,1.2279
0.0442,1.2197
0.0764,1.2170
-0.0132,1.2263
0.0622,1.2335
0.0993,1.2301
-0.0636,1.2229
-0.0882,1.2175
0.0601,1.2159
-0.0080,1.2211
-0.0761,1.2313
0.0083,1.2255
0.0108,1.2263
0.0744,1.2216
-0.1380,1.2141
0.0276,1.2298
0.0869,1.2302
0.1592,1.2211
0.0027,1.2219
-0.0552,1.2358
0.0373,1.2192
0.1334,1.2266
-0.1188,1.2160
0.0914,1.2302
-0.0770,1.2194
-0.0629,1.2174
-0.0868,1.2257
0.0975,1.2249
-0.0636,1.2269
-0.0784,1.2170
-0.0836,1.2253
-0.1108,1.2152
-0.1204,1.2264
0.1601,1.2171
-0.0386,1.2187
-0.1543,1.2193
0.0472,1.2194
-0.0237,1.2301
-0.1437,1.2281
0.1015,1.2243
0.0577,1.2321
0.0711,1.2200
-0.0941,1.2271
0.0150,1.2316
-0.0239,1.2294
-0.0097,1.2279
-0.0988,1.2312
-0.0226,1.2248
-0.0363,1.2285
-0.0837,1.2235
-0.0871,1.2314
-0.1543,1.2111
0.0607,1.2308
0.0076,1.2333
-0.0840,1.2290
-0.1397,1.2276
-0.0513,1.2233
0.1261,1.2262
0.0438,1.2236
0.0355,1.2172
-0.1424,1.2263
-0.0787,1.2162
0.0411,1.2189
-0.0360,1.2296
0.0194,1.2272
-0.0538,1.2268
0.0310,1.2141
-0.0129,1.2226
-0.0068,1.2188
-0.1470,1.2198
-0.1271,1.2240
-0.0563,1.2305
0.0459,1.2240
0.0196,1.2260
0.0119,1.2250
-0.1128,1.2300
-0.0463,1.2309
0.0882,1.2215
-0.1491,1.2237
0.1444,1.2139
-0.0863,1.2263
0.0773,1.2228
0.0868,1.2192
0.1525,1.2150
-0.0329,1.2104
-0.1046,1.2258
-0.0355,1.2342
-0.0065,1.2229
-0.1366,1.2220
0.0339,1.2266
0.1075,1.2160
0.1411,1.2209
-0.0380,1.2328
0.1399,1.2240
-0.0555,1.2279
0.0735,1.2226
-0.0616,1.2295
-0.0948,1.2199
-0.0929,1.2149
-0.0404,1.2317
-0.0580,1.2320
0.0820,1.2253
-0.1059,1.2243
-0.1107,1.2215
-0.1595,1.2116
0.1286,1.2119
0.0541,1.2159
0.1140,1.2173
-0.0346,1.2264
-0.0080,1.2144
0.0139,1.2192
-0.0143,1.2338
-0.0368,1.2293
-0.0484,1.2236
-0.1297,1.2097
0.0805,1.2234
0.0406,1.2285
0.0822,1.2325
0.0165,1.2188
0.0113,1.2318
-0.0948,1.2224
0.0458,1.2172
0.0260,1.2333
-0.0193,1.2226
-0.0874,1.2165
-0.1097,1.2177
-0.0489,1.2214
0.1117,1.2323
0.0853,1.2101
-0.1410,1.2204
0.1576,1.2163
-0.0761,1.2181
-0.0613,1.2161
-0.0076,1.2147
0.1149,1.2179
0.1255,1.2180
-0.0150,1.2227
0.1170,1.2151
-0.0561,1.2334
0.0941,1.2318
-0.1573,1.2162
-0.0712,1.2173
0.1224,1.2134
-0.0703,1.2263
0.1267,1.2213
0.0724,1.2121
-0.1296,1.2198
0.0547,1.2199
0.1465,1.2203
-0.1295,1.2114
-0.1344,1.2119
0.0168,1.2268
-0.0859,1.2274
-0.0078,1.2197
-0.0675,1.2274
0.1501,1.2098
-0.0036,1.2310
0.0152,1.2263
0.0257,1.2314
-0.0472,1.2207
-0.0198,1.2311
0.1035,1.2116
-0.0864,1.2150
0.1053,1.2292
-0.0481,1.2326
-0.1058,1.1358
-0.0157,1.1360
0.0001,1.1348
0.0719,1.1359
-0.1435,1.1426
0.0781,1.1431
-0.0100,1.1411
-0.0304,1.1417
-0.0219,1.1382
0.1106,1.1360
0.0206,1.1435
0.0198,1.1369
-0.0224,1.1509
0.0899,1.1375
0.0920,1.1383
0.0192,1.1422
0.1243,1.1301
0.0216,1.1448
0.0847,1.1405
0.0277,1.1392
0.0284,1.1513
0.0784,1.1345
-0.0300,1.1349
0.1029,1.1452
0.0415,1.1421
-0.1444,1.1304
-0.1103,1.1291
0.1024,1.1411
0.0231,1.1300
-0.0772,1.1303
0.0639,1.1407
-0.0021,1.1481
0.0467,1.1521
-0.0459,1.1382
0.0906,1.1312
-0.0691,1.1388
-0.0476,1.1322
0.0009,1.1395
-0.0291,1.1344
-0.0326,1.1473
-0.1036,1.1275
0.0211,1.1515
0.0302,1.1404
0.1092,1.1364
-0.1272,1.1424
-0.0180,1.1399
0.0663,1.1278
0.1086,1.1422
0.0765,1.1397
0.1151,1.1340
0.1485,1.1275
-0.1484,1.1395
0.0784,1.1376
0.0664,1.1331
-0.1200,1.1279
0.0550,1.1339
-0.0852,1.1381
0.0843,1.1503
0.0968,1.1359
0.1129,1.1458
-0.0722,1.1363
-0.1299,1.1382
-0.0667,1.1448
0.0574,1.1323
-0.0785,1.1416
0.0355,1.1401
-0.1337,1.1336
-0.0227,1.1356
-0.1119,1.1345
0.0537,1.1407
-0.0830,1.1342
-0.0536,1.1349
-0.0374,1.1513
-0.0009,1.1331
-0.0640,1.1473
-0.1307,1.1350
0.0451,1.1483
0.0061,1.1441
-0.0392,1.1400
-0.0882,1.1436
-0.0899,1.1456
-0.0474,1.1278
0.0151,1.1503
0.0374,1.1491
-0.0352,1.1496
0.0488,1.1318
-0.1182,1.1360
0.0026,1.1393
-0.0210,1.1427
0.0237,1.1404
-0.1241,1.1291
-0.0758,1.1406
-0.0503,1.1402
-0.0664,1.1366
-0.0551,1.1427
0.0143,1.1398
0.0068,1.1354
0.1516,1.1435
0.0723,1.1464
0.1317,1.1318
0.0413,1.1392
0.0553,1.1325
-0.0354,1.1329
0.1390,1.1403
0.1321,1.1328
0.0470,1.1415
0.0535,1.1382
-0.0546,1.1368
-0.1299,1.1379
0.0116,1.1326
-0.0423,1.1297
0.0071,1.1417
-0.0218,1.1467
0.1400,1.1382
0.0180,1.1431
-0.0749,1.1351
0.0897,1.1395
-0.1407,1.1410
-0.0216,1.1358
0.1296,1.1347
-0.0396,1.1491
0.0862,1.1385
0.1092,1.1357
0.1253,1.1310
-0.0702,1.1289
0.1274,1.1321
-0.1024,1.1317
0.1392,1.1342
0.1073,1.1432
0.1212,1.1421
0.0117,1.1407
0.1008,1.1443
-0.0911,1.1360
-0.1074,1.1452
0.0725,1.1407
-0.0382,1.1474
0.1049,1.1433
0.1310,1.1422
0.0042,1.1329
-0.1040,1.1342
-0.1010,1.1309
0.0365,1.1356
0.1188,1.1423
-0.0609,1.1330
0.0245,1.1457
-0.0506,1.1338
0.1242,1.1290
-0.0184,1.1295
-0.0888,1.1363
-0.0402,1.1310
0.0879,1.1383
-0.1019,1.1304
-0.0784,1.1328
-0.0853,1.1453
0.0491,1.1359
-0.0073,1.1395
-0.0745,1.1396
-0.0913,1.1448
-0.0398,1.1349
0.0309,1.1408
0.0411,1.1473
-0.0151,1.1421
-0.0384,1.1457
0.0673,1.1347
-0.0235,1.1384
0.0444,1.1339
-0.1041,1.1444
-0.0742,1.0512
0.0554,1.0537
-0.0676,1.0590
-0.1093,1.0463
0.0219,1.0503
0.0635,1.0555
0.1087,1.0572
0.1311,1.0429
-0.0525,1.0574
-0.0871,1.0622
-0.0014,1.0637
0.1080,1.0542
0.0277,1.0520
0.0705,1.0541
0.0068,1.0652
0.0866,1.0628
0.0680,1.0570
-0.1161,1.0510
-0.0259,1.0502
-0.0925,1.0491
0.0732,1.0612
0.0362,1.0630
-0.0149,1.0501
-0.0812,1.0557
-0.0892,1.0542
-0.1161,1.0450
-0.0599,1.0562
-0.0917,1.0457
-0.0060,1.0556
0.0326,1.0595
0.0442,1.0563
-0.0242,1.0559
0.0540,1.0499
-0.0870,1.0469
-0.0794,1.0519
0.0644,1.0488
0.1045,1.0480
0.0920,1.0576
-0.0086,1.0574
-0.1159,1.0511
-0.0740,1.0491
0.0161,1.0534
-0.0490,1.0590
0.0463,1.0618
-0.0220,1.0505
0.0576,1.0480
-0.1228,1.0591
0.1205,1.0568
-0.0966,1.0548
0.0905,1.0532
-0.0139,1.0650
0.1135,1.0532
-0.0019,1.0607
-0.0611,1.0525
0.0462,1.0527
-0.0337,1.0627
0.0341,1.0439
-0.0279,1.0548
0.0238,1.0544
-0.0628,1.0543
-0.0142,1.0651
-0.0229,1.0618
0.1070,1.0521
-0.0251,1.0627
0.0181,1.0588
-0.0791,1.0484
-0.0882,1.0470
-0.0604,1.0604
-0.0571,1.0515
-0.0993,1.0524
-0.0275,1.0554
0.0361,1.0476
-0.0537,1.0583
0.0924,1.0628
0.0987,1.0561
-0.0350,1.0485
0.0618,1.0591
-0.0380,1.0545
-0.0431,1.0529
-0.0944,1.0577
-0.0226,1.0491
0.1164,1.0541
0.1162,1.0583
-0.0260,1.0581
-0.0620,1.0524
-0.0299,1.0503
-0.0056,1.0578
-0.0967,1.0575
0.1162,1.0464
-0.0464,1.0539
-0.1017,1.0488
-0.0433,1.0487
-0.0322,1.0590
0.1332,1.0473
-0.1059,1.0526
0.0258,1.0484
-0.1170,1.0544
-0.0721,1.0489
-0.1288,1.0479
-0.0133,1.0565
0.0599,1.0504
-0.0297,1.0539
-0.0018,1.0530
0.0737,1.0639
0.0835,1.0553
-0.0180,1.0581
-0.0380,1.0636
-0.0187,1.0440
-0.0178,1.0476
-0.1166,1.0572
0.0315,1.0514
0.0462,1.0542
0.0932,1.0493
-0.0798,1.0611
-0.0522,1.0503
0.1254,1.0536
-0.1093,1.0566
0.0938,1.0446
-0.0378,1.0504
0.0689,1.0465
-0.1110,1.0528
0.1067,1.0504
-0.0954,1.0546
0.1083,1.0512
-0.0513,1.0496
0.0862,1.0574
0.0854,1.0601
0.0693,1.0557
0.0028,1.0584
-0.0506,1.0533
0.0646,1.0493
0.0661,1.0591
0.0023,1.0570
0.0929,1.0559
0.1288,1.0435
-0.0599,1.0442
-0.1157,1.0526
-0.1375,1.0428
-0.1360,1.0555
0.0029,1.0567
0.1085,1.0502
0.0270,1.0583
-0.0030,1.0622
0.1267,1.0498
-0.0108,1.0535
0.0531,1.0531
0.1268,1.0513
-0.0369,1.0535
0.0534,1.0564
-0.0040,1.0632
0.0128,1.0515
-0.0424,1.0651
-0.0522,1.0546
0.0588,1.0574
0.0367,1.0505
0.0341,1.0587
0.0204,1.0475
-0.0191,1.0507
-0.0674,1.0512
0.0321,1.0563
-0.0459,1.0617
-0.0004,1.0477
0.1105,1.0527
-0.1191,1.0572
-0.1050,1.0557
-0.0504,1.0587
-0.0343,0.9653
-0.0308,0.9643
-0.0345,0.9633
0.0132,0.9748
0.0274,0.9601
-0.0372,0.9681
0.0100,0.9626
-0.0257,0.9655
-0.0507,0.9739
0.0439,0.9749
0.1025,0.9670
0.0334,0.9692
0.0755,0.9706
-0.1039,0.9672
0.0433,0.9628
0.0942,0.9635
-0.0448,0.9634
0.0776,0.9616
-0.0180,0.9742
0.0999,0.9595
0.0355,0.9745
-0.0591,0.9707
0.0906,0.9699
-0.0728,0.9657
0.1096,0.9659
0.0916,0.9677
-0.0087,0.9760
0.0064,0.9612
-0.0307,0.9719
-0.0718,0.9696
0.0394,0.9714
0.0584,0.9676
0.0682,0.9673
-0.0446,0.9632
-0.0388,0.9663
0.0152,0.9687
0.0248,0.9658
0.0468,0.9632
0.0817,0.9653
-0.0185,0.9679
-0.0409,0.9644
0.0771,0.9697
0.0455,0.9627
0.0370,0.9637
0.0826,0.9585
0.0652,0.9709
-0.0243,0.9670
0.0857,0.9628
-0.0956,0.9636
-0.0043,0.9762
-0.0359,0.9657
0.0451,0.9655
0.0014,0.9640
0.0608,0.9724
0.0511,0.9622
-0.1139,0.9657
0.0265,0.9659
0.1103,0.9616
-0.1016,0.9644
-0.0625,0.9654
0.0827,0.9626
0.0518,0.9632
0.0180,0.9650
-0.0340,0.9666
0.0195,0.9646
-0.0464,0.9658
-0.0973,0.9585
-0.0833,0.9690
0.0632,0.9688
0.0127,0.9629
0.0339,0.9720
0.0837,0.9671
-0.0334,0.9623
0.0977,0.9596
0.0566,0.9685
-0.0105,0.9688
-0.0404,0.9736
0.0504,0.9638
-0.0089,0.9627
-0.0693,0.9605
0.0630,0.9582
0.0517,0.9641
0.0509,0.9749
-0.0659,0.9716
0.0221,0.9671
-0.0020,0.9652
0.0431,0.9557
0.0050,0.9710
-0.0404,0.9599
0.0691,0.9682
-0.0642,0.9662
-0.0072,0.9658
0.0658,0.9692
0.0247,0.9669
-0.1056,0.9599
0.0091,0.9650
-0.0656,0.9674
-0.0756,0.9685
0.0430,0.9601
0.1090,0.9632
0.1036,0.9691
-0.0537,0.9747
0.0089,0.9641
-0.0289,0.9641
0.0617,0.9722
0.0634,0.9594
-0.0620,0.9640
0.0375,0.9627
-0.0592,0.9657
0.0598,0.9691
-0.0239,0.9724
0.0501,0.9597
-0.0741,0.9698
-0.0593,0.9748
-0.0898,0.9576
0.0300,0.9715
-0.0643,0.9668
0.0247,0.9694
-0.0324,0.9579
-0.0073,0.9707
0.0762,0.9675
0.0183,0.9610
-0.0893,0.9597
0.0723,0.9722
0.0753,0.9732
-0.0427,0.9689
0.0452,0.9705
0.0679,0.9616
-0.0692,0.9650
0.0865,0.9632
0.0010,0.9724
-0.0387,0.9606
-0.0944,0.9580
0.1013,0.9665
-0.1025,0.9635
-0.0636,0.9563
-0.0766,0.9587
0.0835,0.9695
-0.0427,0.9608
0.0669,0.9730
-0.0142,0.9667
0.0367,0.9596
0.0128,0.9638
-0.1073,0.9689
-0.0348,0.9711
0.0265,0.9698
-0.0336,0.9628
-0.0300,0.9648
0.0965,0.9652
-0.1077,0.9632
0.0688,0.9556
0.0567,0.9661
-0.0316,0.9616
0.0807,0.9703
-0.0060,0.9611
-0.0902,0.9686
-0.0946,0.9684
-0.0993,0.9585
0.1106,0.9647
0.0541,0.9623
0.1195,0.9572
0.0874,0.9706
0.0379,0.9599
-0.0277,0.9709
-0.0230,0.9660
0.0601,0.9570
0.0442,0.9649
0.0550,0.8692
-0.1009,0.8657
0.0026,0.8809
0.0898,0.8741
0.0053,0.8780
-0.0375,0.8691
-0.0194,0.8746
0.0423,0.8728
0.0893,0.8755
-0.0109,0.8672
0.0304,0.8712
0.0549,0.8712
0.0388,0.8822
0.0906,0.8786
0.0385,0.8742
0.0007,0.8702
0.0296,0.8698
0.0915,0.8707
-0.0847,0.8734
-0.0327,0.8729
-0.0005,0.8707
0.0906,0.8762
-0.0049,0.8803
-0.0202,0.8756
-0.0466,0.8837
-0.0590,0.8692
0.0693,0.8808
0.0683,0.8697
0.0467,0.8770
-0.0080,0.8715
-0.0615,0.8703
-0.0582,0.8798
-0.0700,0.8800
-0.0912,0.8735
0.0384,0.8787
-0.0263,0.8716
-0.0008,0.8721
-0.0275,0.8778
-0.0245,0.8710
0.0263,0.8766
0.0650,0.8783
0.0171,0.8707
0.0038,0.8729
-0.1056,0.8762
0.0092,0.8811
0.0164,0.8798
0.0141,0.8806
0.0682,0.8795
-0.0261,0.8788
-0.0759,0.8734
0.0948,0.8744
0.0997,0.8794
-0.0220,0.8722
0.0062,0.8816
0.0700,0.8734
0.0359,0.8793
-0.0788,0.8758
0.0377,0.8730
0.0288,0.8809
0.0499,0.8736
-0.0065,0.8839
-0.0292,0.8808
0.0719,0.8756
0.0762,0.8732
0.1054,0.8695
-0.0973,0.8662
-0.0409,0.8714
-0.0799,0.8745
-0.0657,0.8811
-0.0350,0.8733
-0.0588,0.8763
-0.0102,0.8754
0.0222,0.8706
0.0328,0.8835
0.0228,0.8831
-0.0189,0.8813
-0.0518,0.8798
-0.0461,0.8833
-0.0073,0.8778
0.0214,0.8827
0.0578,0.8737
-0.0066,0.8785
-0.0307,0.8774
-0.0217,0.8679
0.0148,0.8757
-0.0305,0.8801
-0.0275,0.8734
0.0889,0.8708
-0.0277,0.8688
-0.0240,0.8761
-0.0152,0.8765
0.0233,0.8796
0.0534,0.8763
-0.0500,0.8694
-0.0221,0.8843
0.0071,0.8850
-0.0092,0.8830
-0.0911,0.8779
-0.0356,0.8726
0.0892,0.8705
-0.0607,0.8721
-0.0100,0.8802
-0.0402,0.8773
0.0499,0.8789
0.0652,0.8817
0.0613,0.8774
-0.0757,0.8750
-0.0789,0.8779
-0.0839,0.8673
0.0015,0.8742
0.0736,0.8748
-0.0346,0.8764
0.0266,0.8712
0.0284,0.8702
-0.0341,0.8799
0.0218,0.8786
0.0888,0.8779
-0.0762,0.8692
-0.0242,0.8770
-0.0646,0.8715
-0.0694,0.8724
0.0719,0.8706
-0.0774,0.8764
0.0884,0.8713
-0.0435,0.8798
0.0391,0.8776
0.0261,0.8805
0.0954,0.8724
0.0417,0.8760
-0.0201,0.8731
0.0207,0.8778
-0.0815,0.8775
0.0459,0.8783
0.0652,0.8749
-0.0352,0.8779
0.0867,0.8674
-0.0053,0.8748
-0.0403,0.8765
-0.0017,0.8779
0.0304,0.8730
0.0665,0.8719
-0.0328,0.8777
-0.0583,0.8803
0.1058,0.8721
0.0066,0.8726
0.0363,0.8736
-0.0708,0.8808
0.0687,0.8719
-0.0291,0.8685
0.0214,0.8696
0.1046,0.8742
0.0544,0.8716
-0.0040,0.8726
0.0387,0.8787
-0.0871,0.8715
0.0958,0.8731
-0.0807,0.8782
-0.0937,0.8724
-0.0020,0.8752
-0.0404,0.8837
-0.0325,0.8674
-0.0697,0.8692
0.0818,0.8720
-0.0022,0.8841
0.0715,0.8737
0.0495,0.8753
-0.0653,0.8706
-0.0449,0.7834
0.0809,0.7786
0.0061,0.7864
-0.0378,0.7838
0.0165,0.7826
-0.0092,0.7836
0.0163,0.7856
-0.0531,0.7815
0.0695,0.7846
-0.0302,0.7885
0.0295,0.7839
-0.0697,0.7770
-0.0447,0.7851
0.0509,0.7800
0.0054,0.7860
0.0118,0.7866
0.0184,0.7866
-0.0594,0.7871
0.0748,0.7838
0.0071,0.7809
-0.0490,0.7841
0.0527,0.7806
-0.0836,0.7818
-0.0677,0.7839
-0.0348,0.7840
-0.0678,0.7760
0.0408,0.7850
-0.0603,0.7822
0.0357,0.7834
-0.0164,0.7893
0.0596,0.7815
-0.0532,0.7884
0.0655,0.7800
0.0817,0.7753
-0.0126,0.7799
-0.0502,0.7755
0.0495,0.7816
0.0592,0.7793
0.0790,0.7774
0.0335,0.7885
0.0877,0.7777
-0.0382,0.7828
-0.0352,0.7875
-0.0147,0.7814
0.0637,0.7852
-0.0385,0.7819
0.0670,0.7778
-0.0346,0.7787
-0.0744,0.7806
-0.0204,0.7790
0.0762,0.7806
0.0236,0.7811
-0.0217,0.7789
-0.0050,0.7859
-0.0879,0.7823
-0.0555,0.7847
0.0426,0.7751
0.0408,0.7783
-0.0719,0.7780
-0.0313,0.7776
0.0610,0.7773
-0.0134,0.7839
-0.0697,0.7847
0.0118,0.7817
0.0706,0.7759
0.0340,0.7870
-0.0526,0.7781
0.0593,0.7848
0.0517,0.7878
-0.0646,0.7776
-0.0138,0.7848
0.0262,0.7780
0.0023,0.7870
-0.0151,0.7759
0.0715,0.7802
-0.0258,0.7817
-0.0270,0.7836
0.0693,0.7756
0.0141,0.7808
-0.0316,0.7796
0.0479,0.7854
-0.0803,0.7846
-0.0234,0.7784
0.0399,0.7764
0.0468,0.7836
0.0716,0.7789
0.0020,0.7830
0.0526,0.7869
-0.0776,0.7823
0.0213,0.7844
-0.0069,0.7792
-0.0267,0.7834
0.0652,0.7814
-0.0314,0.7764
-0.0471,0.7776
-0.0272,0.7808
0.0779,0.7793
0.0460,0.7802
0.0757,0.7803
0.0663,0.7841
-0.0317,0.7885
0.0100,0.7800
-0.0343,0.7871
0.0686,0.7811
-0.0034,0.7829
0.0075,0.7858
0.0225,0.7812
-0.0554,0.7851
0.0422,0.7851
-0.0070,0.7896
0.0156,0.7842
0.0950,0.7743
0.0383,0.7841
-0.0058,0.7866
0.0044,0.7812
-0.0325,0.7767
-0.0718,0.7750
-0.0494,0.7866
0.0458,0.7839
-0.0358,0.7851
0.0135,0.7843
0.0598,0.7749
0.0386,0.7830
-0.0047,0.7807
-0.0382,0.7772
-0.0176,0.7796
-0.0222,0.7854
-0.0606,0.7855
-0.0592,0.7873
0.0672,0.7840
-0.0452,0.7806
-0.0133,0.7782
0.0604,0.7791
-0.0155,0.7749
-0.0003,0.7895
-0.0094,0.7854
-0.0686,0.7778
0.0512,0.7773
-0.0659,0.7830
0.0757,0.7808
0.0443,0.7763
-0.0561,0.7798
0.0612,0.7764
-0.0120,0.7794
0.0152,0.7831
-0.0224,0.7760
0.0681,0.7837
0.0236,0.7774
-0.0437,0.7805
-0.0014,0.7796
0.0772,0.7740
-0.0408,0.7800
-0.0064,0.7772
0.0319,0.7894
0.0127,0.7801
-0.0447,0.7837
0.0121,0.7866
0.0732,0.7840
-0.0565,0.7827
-0.0209,0.7786
-0.0195,0.7883
-0.0244,0.7783
0.0555,0.7817
0.0019,0.7762
-0.0544,0.7821
-0.0051,0.7872
-0.0053,0.6824
-0.0347,0.6864
-0.0372,0.6870
0.0043,0.6883
0.0173,0.6832
-0.0639,0.6887
-0.0655,0.6842
0.0116,0.6875
0.0765,0.6787
-0.0218,0.6792
-0.0158,0.6822
-0.0473,0.6880
-0.0155,0.6830
-0.0417,0.6813
0.0140,0.6866
-0.0701,0.6827
-0.0761,0.6868
-0.0014,0.6852
0.0145,0.6883
-0.0159,0.6868
0.0790,0.6834
-0.0330,0.6851
0.0074,0.6886
0.0728,0.6798
-0.0759,0.6834
-0.0708,0.6838
-0.0601,0.6828
0.0335,0.6908
0.0219,0.6820
0.0766,0.6873
-0.0160,0.6843
-0.0618,0.6801
-0.0527,0.6821
0.0287,0.6861
-0.0262,0.6862
0.0593,0.6853
-0.0354,0.6830
-0.0427,0.6841
0.0318,0.6912
-0.0392,0.6811
0.0663,0.6885
0.0021,0.6786
0.0109,0.6877
0.0142,0.6869
-0.0263,0.6886
0.0175,0.6910
0.0701,0.6853
0.0186,0.6910
-0.0743,0.6847
-0.0490,0.6900
-0.0068,0.6924
-0.0149,0.6865
0.0357,0.6799
0.0161,0.6839
-0.0395,0.6841
0.0260,0.6844
-0.0747,0.6794
0.0132,0.6892
0.0262,0.6828
0.0025,0.6835
-0.0154,0.6883
0.0495,0.6872
-0.0065,0.6901
0.0304,0.6819
0.0728,0.6794
-0.0261,0.6850
0.0182,0.6782
-0.0587,0.6893
-0.0338,0.6837
-0.0263,0.6821
0.0561,0.6817
0.0576,0.6820
0.0348,0.6867
-0.0207,0.6871
-0.0202,0.6893
0.0270,0.6859
-0.0064,0.6863
0.0035,0.6879
-0.0148,0.6907
-0.0234,0.6857
-0.0294,0.6853
0.0142,0.6826
0.0286,0.6857
-0.0234,0.6856
0.0097,0.6880
0.0514,0.6901
-0.0510,0.6816
0.0394,0.6891
-0.0572,0.6828
0.0434,0.6903
-0.0692,0.6800
0.0405,0.6816
-0.0234,0.6790
0.0176,0.6823
-0.0132,0.6884
0.0024,0.6841
0.0493,0.6811
0.0138,0.6892
0.0386,0.6803
-0.0027,0.6801
-0.0149,0.6820
-0.0014,0.6878
0.0678,0.6883
0.0058,0.6906
0.0633,0.6829
0.0184,0.6866
-0.0499,0.6873
0.0526,0.6835
-0.0674,0.6873
0.0668,0.6815
-0.0359,0.6860
-0.0263,0.6814
-0.0370,0.6852
-0.0607,0.6855
-0.0770,0.6849
-0.0208,0.6882
0.0039,0.6852
-0.0218,0.6848
0.0702,0.6882
-0.0186,0.6871
-0.0361,0.6909
0.0536,0.6823
0.0739,0.6828
-0.0364,0.6846
-0.0326,0.6882
0.0220,0.6868
-0.0180,0.6860
-0.0001,0.6882
0.0545,0.6887
0.0464,0.6838
0.0088,0.6909
-0.0113,0.6851
-0.0024,0.6836
-0.0522,0.6821
-0.0780,0.6812
0.0210,0.6837
-0.0359,0.6878
-0.0495,0.6887
-0.0178,0.6835
-0.0648,0.6845
-0.0645,0.6810
-0.0652,0.6880
0.0268,0.6884
-0.0426,0.6847
-0.0306,0.6834
-0.0398,0.6884
-0.0333,0.6834
0.0173,0.6863
0.0056,0.6882
0.0328,0.6847
-0.0530,0.6884
0.0477,0.6851
-0.0392,0.6841
-0.0225,0.6817
0.0325,0.6828
0.0641,0.6864
0.0482,0.6825
-0.0627,0.6884
-0.0281,0.6830
0.0668,0.6840
-0.0455,0.6855
-0.0425,0.6841
-0.0033,0.6876
-0.0472,0.6877
-0.0464,0.6881
0.0456,0.6789
-0.0118,0.6822
0.0069,0.5908
0.0459,0.5893
-0.0396,0.5860
-0.0246,0.5858
0.0114,0.5841
0.0108,0.5899
-0.0028,0.5852
-0.0029,0.5905
-0.0244,0.5835
-0.0654,0.5861
0.0529,0.5824
0.0088,0.5903
0.0331,0.5895
-0.0324,0.5903
-0.0226,0.5846
0.0429,0.5850
0.0015,0.5895
-0.0121,0.5900
0.0199,0.5855
-0.0410,0.5905
-0.0072,0.5867
0.0115,0.5852
-0.0166,0.5862
-0.0104,0.5893
-0.0361,0.5864
-0.0512,0.5867
-0.0563,0.5842
0.0612,0.5874
0.0128,0.5918
0.0117,0.5918
-0.0260,0.5826
-0.0007,0.5856
0.0035,0.5914
0.0405,0.5832
0.0295,0.5875
-0.0171,0.5889
-0.0455,0.5839
0.0093,0.5901
0.0024,0.5893
-0.0034,0.5845
0.0182,0.5903
-0.0225,0.5898
0.0233,0.5843
0.0122,0.5874
0.0461,0.5807
-0.0254,0.5876
-0.0378,0.5813
0.0030,0.5910
-0.0473,0.5876
0.0626,0.5867
-0.0295,0.5865
-0.0251,0.5890
0.0638,0.5870
0.0366,0.5826
-0.0340,0.5864
0.0180,0.5854
0.0031,0.5869
-0.0035,0.5884
-0.0118,0.5812
0.0301,0.5861
-0.0675,0.5880
0.0262,0.5864
0.0164,0.5842
0.0381,0.5863
-0.0165,0.5871
-0.0384,0.5841
-0.0566,0.5815
0.0328,0.5820
0.0136,0.5826
0.0604,0.5851
0.0635,0.5866
0.0580,0.5850
-0.0084,0.5829
-0.0091,0.5848
0.0178,0.5848
0.0110,0.5873
-0.0148,0.5835
0.0259,0.5876
0.0216,0.5864
0.0472,0.5861
-0.0504,0.5852
0.0525,0.5892
-0.0319,0.5900
-0.0682,0.5880
-0.0328,0.5895
0.0289,0.5817
-0.0567,0.5862
0.0095,0.5837
-0.0510,0.5835
0.0023,0.5895
-0.0180,0.5859
-0.0283,0.5851
0.0097,0.5851
-0.0549,0.5828
0.0126,0.5877
0.0127,0.5884
-0.0437,0.5834
-0.0286,0.5892
0.0306,0.5863
0.0643,0.5843
0.0012,0.5824
0.0515,0.5829
-0.0570,0.5869
-0.0484,0.5839
-0.0318,0.5887
-0.0520,0.5830
-0.0255,0.5828
0.0333,0.5855
-0.0442,0.5869
-0.0033,0.5898
0.0256,0.5903
0.0557,0.5862
0.0529,0.5861
0.0167,0.5842
0.0168,0.5906
0.0619,0.5836
0.0410,0.5832
0.0303,0.5889
0.0051,0.5903
0.0337,0.5816
-0.0069,0.5907
0.0374,0.5900
0.0131,0.5832
0.0050,0.5819
0.0360,0.5876
-0.0199,0.5824
0.0408,0.5811
0.0441,0.5885
-0.0079,0.5905
-0.0460,0.5869
0.0300,0.5864
0.0338,0.5849
0.0226,0.5842
-0.0381,0.5851
-0.0177,0.5870
-0.0404,0.5817
-0.0048,0.5846
0.0335,0.5888
0.0328,0.5903
0.0108,0.5896
-0.0510,0.5846
-0.0161,0.5897
0.0652,0.5883
-0.0275,0.5839
0.0644,0.5832
0.0543,0.5869
-0.0340,0.5903
0.0196,0.5841
-0.0139,0.5874
-0.0109,0.5894
0.0048,0.5833
-0.0462,0.5894
-0.0373,0.5899
-0.0328,0.5897
0.0115,0.5907
-0.0047,0.5833
-0.0390,0.5882
-0.0306,0.5815
-0.0302,0.5840
-0.0119,0.5877
0.0434,0.5864
0.0041,0.5889
0.0442,0.5895
-0.0017,0.5890
0.0398,0.5832
-0.0128,0.5906
-0.0541,0.5888
0.0048,0.4814
-0.0253,0.4859
-0.0479,0.4830
0.0045,0.4871
0.0197,0.4824
-0.0313,0.4876
0.0458,0.4820
-0.0223,0.4838
-0.0436,0.4841
-0.0214,0.4842
-0.0304,0.4823
0.0133,0.4876
0.0042,0.4856
0.0092,0.4865
-0.0073,0.4823
0.0140,0.4854
0.0444,0.4802
-0.0128,0.4846
0.0027,0.4850
0.0320,0.4845
0.0371,0.4867
-0.0026,0.4812
-0.0120,0.4871
0.0036,0.4845
-0.0188,0.4881
0.0009,0.4827
0.0479,0.4857
-0.0123,0.4853
-0.0338,0.4812
-0.0003,0.4844
0.0423,0.4841
0.0204,0.4840
-0.0419,0.4870
-0.0076,0.4862
0.0162,0.4859
0.0279,0.4827
-0.0344,0.4829
-0.0123,0.4805
0.0077,0.4830
-0.0477,0.4813
0.0098,0.4842
0.0171,0.4866
0.0179,0.4846
-0.0331,0.4817
-0.0150,0.4854
-0.0452,0.4825
0.0044,0.4854
0.0084,0.4845
0.0308,0.4847
0.0177,0.4876
0.0513,0.4827
0.0147,0.4827
-0.0058,0.4862
0.0422,0.4820
0.0442,0.4849
-0.0365,0.4811
-0.0220,0.4853
-0.0039,0.4828
0.0022,0.4839
-0.0334,0.4817
0.0262,0.4842
-0.0222,0.4820
0.0358,0.4833
-0.0141,0.4850
0.0262,0.4817
0.0093,0.4862
-0.0303,0.4845
0.0220,0.4859
-0.0486,0.4812
-0.0056,0.4858
-0.0393,0.4844
0.0359,0.4870
0.0286,0.4845
-0.0198,0.4878
0.0440,0.4842
0.0353,0.4808
-0.0234,0.4847
0.0374,0.4870
-0.0144,0.4889
0.0039,0.4859
-0.0189,0.4877
-0.0400,0.4854
-0.0066,0.4850
-0.0272,0.4813
-0.0256,0.4830
-0.0286,0.4867
-0.0060,0.4821
0.0220,0.4842
-0.0305,0.4829
0.0062,0.4865
0.0318,0.4860
0.0223,0.4852
-0.0219,0.4854
-0.0178,0.4827
0.0106,0.4875
0.0258,0.4872
-0.0181,0.4860
-0.0253,0.4814
-0.0359,0.4864
0.0300,0.4822
0.0020,0.4839
-0.0154,0.4847
0.0545,0.4798
-0.0465,0.4828
0.0063,0.4805
0.0356,0.4854
-0.0056,0.4873
-0.0231,0.4861
0.0337,0.4849
0.0199,0.4844
0.0331,0.4866
-0.0167,0.4824
-0.0350,0.4841
-0.0284,0.4847
-0.0127,0.4861
-0.0532,0.4847
0.0535,0.4807
-0.0539,0.4834
0.0152,0.4870
-0.0141,0.4828
-0.0234,0.4836
0.0518,0.4805
-0.0104,0.4864
-0.0291,0.4862
-0.0109,0.4862
-0.0054,0.4830
0.0318,0.4851
0.0246,0.4882
-0.0412,0.4866
-0.0183,0.4885
0.0548,0.4818
0.0261,0.4829
-0.0536,0.4832
0.0183,0.4858
0.0175,0.4850
-0.0005,0.4852
-0.0380,0.4810
-0.0194,0.4845
0.0338,0.4836
-0.0288,0.4852
0.0456,0.4814
-0.0039,0.4879
0.0298,0.4816
0.0134,0.4869
0.0133,0.4804
0.0130,0.4877
-0.0074,0.4866
-0.0475,0.4855
-0.0003,0.4842
0.0103,0.4809
0.0087,0.4815
0.0384,0.4822
-0.0462,0.4798
-0.0236,0.4809
-0.0174,0.4877
0.0114,0.4854
-0.0217,0.4838
-0.0508,0.4832
-0.0276,0.4830
0.0324,0.4809
0.0411,0.4834
-0.0256,0.4803
-0.0285,0.4865
-0.0417,0.4839
0.0501,0.4861
-0.0033,0.4857
0.0008,0.3818
0.0019,0.3791
0.0283,0.3811
-0.0260,0.3794
-0.0178,0.3777
0.0079,0.3809
-0.0227,0.3793
-0.0096,0.3789
0.0214,0.3827
-0.0042,0.3773
-0.0215,0.3823
0.0083,0.3831
-0.0057,0.3797
-0.0186,0.3821
-0.0057,0.3792
0.0172,0.3778
-0.0007,0.3795
-0.0120,0.3780
-0.0063,0.3802
-0.0101,0.3815
0.0017,0.3817
0.0027,0.3829
-0.0137,0.3774
-0.0025,0.3820
0.0258,0.3783
0.0221,0.3793
-0.0151,0.3808
-0.0141,0.3770
0.0226,0.3786
0.0344,0.3790
-0.0182,0.3790
0.0090,0.3788
-0.0101,0.3775
0.0051,0.3782
0.0091,0.3812
0.0083,0.3801
0.0027,0.3813
0.0158,0.3804
-0.0191,0.3807
-0.0306,0.3798
-0.0065,0.3773
-0.0154,0.3828
-0.0123,0.3802
-0.0261,0.3788
-0.0122,0.3808
-0.0144,0.3777
-0.0155,0.3813
-0.0112,0.3813
-0.0383,0.3765
0.0101,0.3794
0.0295,0.3791
-0.0151,0.3798
-0.0109,0.3810
-0.0238,0.3800
-0.0340,0.3772
0.0294,0.3807
0.0187,0.3787
-0.0174,0.3790
-0.0362,0.3802
0.0121,0.3816
0.0257,0.3808
-0.0197,0.3820
0.0023,0.3808
0.0308,0.3776
-0.0272,0.3785
0.0178,0.3805
0.0061,0.3807
0.0365,0.3767
-0.0150,0.3814
0.0186,0.3817
-0.0349,0.3766
-0.0363,0.3803
0.0057,0.3824
0.0275,0.3785
-0.0350,0.3781
-0.0137,0.3788
0.0057,0.3826
0.0200,0.3809
0.0341,0.3812
-0.0080,0.3816
-0.0181,0.3786
0.0165,0.3805
-0.0013,0.3806
0.0206,0.3793
-0.0115,0.3785
0.0338,0.3783
-0.0320,0.3790
0.0353,0.3805
0.0212,0.3801
0.0032,0.3791
-0.0213,0.3811
-0.0154,0.3783
0.0099,0.3789
-0.0068,0.3786
0.0316,0.3781
-0.0104,0.3781
-0.0355,0.3785
0.0185,0.3783
-0.0332,0.3818
0.0096,0.3788
0.0034,0.3801
0.0188,0.3788
-0.0251,0.3787
0.0179,0.3798
-0.0352,0.3792
0.0321,0.3776
-0.0103,0.3809
-0.0070,0.3826
0.0000,0.3833
0.0003,0.3788
0.0409,0.3766
0.0187,0.3788
-0.0271,0.3804
-0.0195,0.3782
-0.0359,0.3810
-0.0263,0.3784
-0.0097,0.3807
0.0304,0.3794
0.0236,0.3792
0.0029,0.3791
0.0008,0.3781
-0.0288,0.3779
0.0258,0.3780
-0.0267,0.3811
-0.0131,0.3807
-0.0167,0.3789
0.0259,0.3812
0.0035,0.3802
-0.0236,0.3790
-0.0300,0.3808
-0.0215,0.3793
0.0209,0.3805
-0.0220,0.3767
0.0162,0.3794
0.0020,0.3822
0.0218,0.3813
0.0137,0.3830
-0.0365,0.3788
-0.0340,0.3810
-0.0056,0.3809
-0.0164,0.3773
-0.0094,0.3817
0.0201,0.3773
-0.0278,0.3810
-0.0087,0.3790
0.0079,0.3808
0.0184,0.3800
0.0257,0.3808
-0.0087,0.3787
-0.0212,0.3792
0.0125,0.3786
0.0160,0.3793
0.0079,0.3824
0.0035,0.3788
0.0198,0.3781
0.0032,0.3794
-0.0191,0.3820
0.0276,0.3782
-0.0176,0.3818
0.0050,0.3828
0.0277,0.3801
0.0075,0.3808
-0.0192,0.3824
-0.0113,0.3785
-0.0273,0.3780
0.0129,0.3774
0.0387,0.3808
-0.0011,0.2717
0.0040,0.2720
-0.0112,0.2746
-0.0124,0.2711
0.0130,0.2738
0.0005,0.2727
-0.0082,0.2734
-0.0052,0.2710
-0.0235,0.2723
-0.0179,0.2736
-0.0053,0.2713
-0.0209,0.2721
-0.0194,0.2710
0.0125,0.2708
0.0212,0.2709
0.0007,0.2744
-0.0033,0.2715
0.0121,0.2742
-0.0016,0.2715
-0.0151,0.2719
0.0102,0.2712
0.0032,0.2714
-0.0131,0.2727
0.0030,0.2723
-0.0161,0.2745
0.0010,0.2713
0.0127,0.2713
0.0050,0.2720
-0.0133,0.2741
0.0191,0.2727
-0.0228,0.2738
-0.0093,0.2731
0.0143,0.2729
0.0233,0.2714
0.0085,0.2740
-0.0251,0.2719
0.0048,0.2732
-0.0210,0.2723
0.0067,0.2720
0.0015,0.2727
0.0164,0.2726
0.0029,0.2708
-0.0021,0.2711
-0.0114,0.2745
-0.0166,0.2729
-0.0218,0.2723
-0.0128,0.2729
-0.0142,0.2719
-0.0208,0.2739
-0.0126,0.2741
0.0072,0.2727
0.0089,0.2743
-0.0083,0.2739
0.0005,0.2723
-0.0168,0.2742
0.0153,0.2718
0.0125,0.2725
0.0020,0.2740
0.0226,0.2718
-0.0048,0.2705
-0.0063,0.2738
0.0174,0.2726
0.0195,0.2729
-0.0175,0.2719
-0.0105,0.2723
-0.0132,0.2721
-0.0200,0.2723
0.0120,0.2740
0.0092,0.2710
0.0213,0.2723
-0.0161,0.2724
-0.0061,0.2711
-0.0122,0.2730
-0.0003,0.2733
0.0179,0.2728
-0.0073,0.2748
0.0125,0.2744
-0.0062,0.2740
0.0143,0.2735
0.0170,0.2714
0.0072,0.2741
0.0008,0.2738
-0.0195,0.2734
-0.0191,0.2725
0.0063,0.2722
-0.0051,0.2737
0.0011,0.2724
0.0022,0.2727
-0.0049,0.2736
0.0100,0.2730
0.0099,0.2724
0.0048,0.2737
-0.0009,0.2731
0.0069,0.2705
-0.0096,0.2730
-0.0050,0.2716
0.0047,0.2729
0.0079,0.2723
0.0176,0.2705
-0.0106,0.2723
0.0015,0.2742
-0.0159,0.2735
-0.0178,0.2732
-0.0157,0.2732
-0.0096,0.2731
-0.0043,0.2734
0.0112,0.2740
-0.0048,0.2720
0.0180,0.2722
0.0031,0.2704
-0.0072,0.2718
-0.0021,0.2732
-0.0029,0.2749
0.0122,0.2729
-0.0051,0.2729
-0.0215,0.2728
-0.0129,0.2729
-0.0117,0.2741
-0.0044,0.2723
0.0013,0.2724
0.0178,0.2709
-0.0144,0.2746
-0.0043,0.2728
-0.0064,0.2737
-0.0246,0.2725
0.0127,0.2731
-0.0091,0.2718
0.0003,0.2737
-0.0255,0.2713
-0.0137,0.2715
0.0265,0.2710
0.0053,0.2739
-0.0124,0.2714
-0.0075,0.2734
0.0242,0.2703
-0.0188,0.2717
-0.0075,0.2726
0.0008,0.2726
-0.0156,0.2724
0.0119,0.2719
-0.0092,0.2717
0.0028,0.2724
-0.0203,0.2727
-0.0005,0.2730
-0.0163,0.2727
0.0232,0.2732
0.0106,0.2726
0.0215,0.2734
-0.0216,0.2729
0.0206,0.2731
-0.0136,0.2705
-0.0052,0.2719
0.0164,0.2726
-0.0028,0.2737
-0.0224,0.2703
-0.0182,0.2736
0.0078,0.2721
-0.0130,0.2734
-0.0051,0.2709
0.0166,0.2731
0.0108,0.2741
0.0221,0.2740
-0.0017,0.2721
0.0104,0.2728
0.0181,0.2723
0.0064,0.2740
0.0003,0.2746
0.0003,0.1621
-0.0058,0.1626
-0.0020,0.1620
0.0041,0.1628
-0.0103,0.1617
0.0088,0.1635
-0.0119,0.1615
-0.0039,0.1620
0.0077,0.1620
0.0047,0.1616
-0.0007,0.1634
0.0053,0.1623
0.0040,0.1626
-0.0124,0.1617
0.0032,0.1623
0.0033,0.1624
-0.0022,0.1628
0.0119,0.1623
0.0111,0.1620
0.0104,0.1625
-0.0060,0.1628
-0.0069,0.1619
-0.0096,0.1621
-0.0103,0.1630
0.0097,0.1627
-0.0039,0.1633
0.0033,0.1634
-0.0028,0.1628
-0.0047,0.1620
0.0007,0.1630
-0.0115,0.1630
-0.0004,0.1629
-0.0056,0.1618
-0.0020,0.1630
0.0112,0.1624
0.0005,0.1635
0.0054,0.1636
0.0063,0.1626
0.0087,0.1626
-0.0027,0.1623
-0.0038,0.1630
0.0032,0.1623
-0.0064,0.1628
0.0030,0.1629
-0.0008,0.1627
-0.0077,0.1624
0.0063,0.1633
-0.0132,0.1616
-0.0035,0.1627
-0.0045,0.1627
0.0098,0.1619
-0.0101,0.1628
0.0035,0.1623
-0.0126,0.1631
0.0063,0.1627
0.0098,0.1630
-0.0094,0.1632
-0.0002,0.1632
0.0057,0.1632
0.0010,0.1627
-0.0083,0.1619
-0.0089,0.1625
0.0021,0.1622
-0.0025,0.1619
-0.0106,0.1630
0.0095,0.1627
-0.0120,0.1631
-0.0050,0.1626
0.0022,0.1627
-0.0012,0.1624
-0.0125,0.1627
-0.0101,0.1630
-0.0116,0.1630
0.0070,0.1633
-0.0013,0.1630
0.0060,0.1624
-0.0014,0.1621
0.0088,0.1621
-0.0115,0.1622
-0.0039,0.1618
-0.0112,0.1625
0.0002,0.1631
0.0019,0.1630
0.0094,0.1619
0.0110,0.1632
-0.0088,0.1630
0.0033,0.1628
0.0046,0.1620
-0.0024,0.1621
-0.0086,0.1626
0.0056,0.1629
0.0041,0.1625
0.0126,0.1617
-0.0068,0.1624
-0.0034,0.1631
-0.0120,0.1616
-0.0014,0.1637
0.0101,0.1632
-0.0111,0.1617
0.0018,0.1633
0.0090,0.1620
-0.0049,0.1621
0.0043,0.1635
0.0046,0.1627
-0.0091,0.1634
0.0104,0.1623
-0.0035,0.1618
-0.0115,0.1619
-0.0072,0.1628
-0.0032,0.1621
0.0079,0.1620
-0.0075,0.1626
0.0099,0.1624
0.0095,0.1629
0.0063,0.1625
-0.0037,0.1632
-0.0081,0.1626
-0.0091,0.1621
-0.0078,0.1635
-0.0008,0.1622
-0.0101,0.1626
0.0043,0.1624
-0.0013,0.1636
-0.0004,0.1638
0.0020,0.1632
-0.0017,0.1626
0.0071,0.1623
-0.0024,0.1629
0.0037,0.1629
0.0006,0.1631
0.0061,0.1625
0.0047,0.1620
0.0094,0.1619
0.0004,0.1630
0.0047,0.1632
0.0066,0.1629
0.0071,0.1621
-0.0019,0.1626
0.0001,0.1621
0.0132,0.1630
-0.0041,0.1630
0.0020,0.1632
-0.0069,0.1636
0.0021,0.1631
0.0095,0.1631
0.0066,0.1635
0.0048,0.1627
-0.0098,0.1628
-0.0105,0.1631
-0.0016,0.1621
-0.0065,0.1627
0.0052,0.1627
0.0015,0.1625
-0.0098,0.1622
-0.0036,0.1634
0.0110,0.1632
0.0048,0.1630
0.0120,0.1630
-0.0108,0.1622
0.0022,0.1638
-0.0006,0.1637
0.0116,0.1626
0.0033,0.1621
-0.0018,0.1632
-0.0086,0.1623
-0.0057,0.1628
0.0000,0.0500
0.0000,0.0500
0.0000,0.0500
0.0000,0.0500
0.0000,0.0500
0.0000,0.0500
0.0000,0.0500
0.0000,0.0500
0.0000,0.0500
0.0000,0.0500
0.0000,0.0500
0.0000,0.0500
0.0000,0.0500
0.0000,0.0500
0.0000,0.0500
0.0000,0.0500
0.0000,0.0500
0.0000,0.0500
0.0000,0.0500
0.0000,0.0500
0.0000,0.0500
0.0000,0.0500
0.0000,0.0500
0.0000,0.0500
0.0000,0.0500
0.0000,0.0500
0.0000,0.0500
0.0000,0.0500
0.0000,0.0500
0.0000,0.0500
0.0000,0.0500
0.0000,0.0500
0.0000,0.0500
0.0000,0.0500
0.0000,0.0500
0.0000,0.0500
0.0000,0.0500
0.0000,0.0500
0.0000,0.0500
0.0000,0.0500
0.0000,0.0500
0.0000,0.0500
0.0000,0.0500
0.0000,0.0500
0.0000,0.0500
0.0000,0.0500
0.0000,0.0500
0.0000,0.0500
0.0000,0.0500
0.0000,0.0500
0.0000,0.0500
0.0000,0.0500
0.0000,0.0500
0.0000,0.0500
0.0000,0.0500
0.0000,0.0500
0.0000,0.0500
0.0000,0.0500
0.0000,0.0500
0.0000,0.0500
0.0000,0.0500
0.0000,0.0500
0.0000,0.0500
0.0000,0.0500
0.0000,0.0500
0.0000,0.0500
0.0000,0.0500
0.0000,0.0500
0.0000,0.0500
0.0000,0.0500
0.0000,0.0500
0.0000,0.0500
0.0000,0.0500
0.0000,0.0500
0.0000,0.0500
0.0000,0.0500
0.0000,0.0500
0.0000,0.0500
0.0000,0.0500
0.0000,0.0500
0.0000,0.0500
0.0000,0.0500
0.0000,0.0500
0.0000,0.0500
0.0000,0.0500
0.0000,0.0500
0.0000,0.0500
0.0000,0.0500
0.0000,0.0500
0.0000,0.0500
0.0000,0.0500
0.0000,0.0500
0.0000,0.0500
0.0000,0.0500
0.0000,0.0500
0.0000,0.0500
0.0000,0.0500
0.0000,0.0500
0.0000,0.0500
0.0000,0.0500
0.0000,0.0500
0.0000,0.0500
0.0000,0.0500
0.0000,0.0500
0.0000,0.0500
0.0000,0.0500
0.0000,0.0500
0.0000,0.0500
0.0000,0.0500
0.0000,0.0500
0.0000,0.0500
0.0000,0.0500
0.0000,0.0500
0.0000,0.0500
0.0000,0.0500
0.0000,0.0500
0.0000,0.0500
0.0000,0.0500
0.0000,0.0500
0.0000,0.0500
0.0000,0.0500
0.0000,0.0500
0.0000,0.0500
0.0000,0.0500
0.0000,0.0500
0.0000,0.0500
0.0000,0.0500
0.0000,0.0500
0.0000,0.0500
0.0000,0.0500
0.0000,0.0500
0.0000,0.0500
0.0000,0.0500
0.0000,0.0500
0.0000,0.0500
0.0000,0.0500
0.0000,0.0500
0.0000,0.0500
0.0000,0.0500
0.0000,0.0500
0.0000,0.0500
0.0000,0.0500
0.0000,0.0500
0.0000,0.0500
0.0000,0.0500
0.0000,0.0500
0.0000,0.0500
0.0000,0.0500
0.0000,0.0500
0.0000,0.0500
0.0000,0.0500
0.0000,0.0500
0.0000,0.0500
0.0000,0.0500
0.0000,0.0500
0.0000,0.0500
0.0000,0.0500
0.0000,0.0500
0.0000,0.0500
0.0000,0.0500
0.0000,0.0500
0.0000,0.0500
0.0000,0.0500
0.0000,0.0500
0.0000,0.0500
0.0000,0.0500
0.0000,0.0500
