kind,t
file,0.000000
file,0.133333
file,0.266667
file,0.366667
file,0.500000
file,0.633333
file,0.733333
file,0.866667
file,1.000000
ours,0.000000
ours,0.019048
ours,0.038095
ours,0.057143
ours,0.076190
ours,0.095238
ours,0.114286
ours,0.133333
ours,0.152381
ours,0.171429
ours,0.190476
ours,0.209524
ours,0.228571
ours,0.247619
ours,0.266667
ours,0.280952
ours,0.295238
ours,0.309524
ours,0.323810
ours,0.338095
ours,0.352381
ours,0.366667
ours,0.381481
ours,0.396296
ours,0.411111
ours,0.425926
ours,0.440741
ours,0.455556
ours,0.470370
ours,0.485185
ours,0.500000
ours,0.514815
ours,0.529630
ours,0.544444
ours,0.559259
ours,0.574074
ours,0.588889
ours,0.603704
ours,0.618519
ours,0.633333
ours,0.647619
ours,0.661905
ours,0.676190
ours,0.690476
ours,0.704762
ours,0.719048
ours,0.733333
ours,0.752381
ours,0.771429
ours,0.790476
ours,0.809524
ours,0.828571
ours,0.847619
ours,0.866667
ours,0.885714
ours,0.904762
ours,0.923810
ours,0.942857
ours,0.961905
ours,0.980952
ours,1.000000
