t,spec,no_td,ours
0.00000,0.00000,0.00000,0.00000
0.00333,0.00636,0.05052,0.03547
0.00667,0.02530,0.19635,0.07094
0.01000,0.05664,0.42886,0.10641
0.01333,0.10019,0.73938,0.14188
0.01667,0.15575,1.11923,0.17735
0.02000,0.22313,1.55970,0.23190
0.02333,0.30215,2.05210,0.33416
0.02667,0.39262,2.58772,0.43642
0.03000,0.49433,3.15787,0.53868
0.03333,0.60710,3.75389,0.64094
0.03667,0.73075,4.36714,0.74320
0.04000,0.86508,4.98904,0.88007
0.04333,1.00989,5.61104,1.04290
0.04667,1.16501,6.22465,1.20573
0.05000,1.33024,6.82143,1.36856
0.05333,1.50539,7.39302,1.53139
0.05667,1.69028,7.93110,1.69421
0.06000,1.88471,8.42740,1.90367
0.06333,2.08850,8.87374,2.12089
0.06667,2.30146,9.26194,2.33812
0.07000,2.52340,9.58386,2.55534
0.07333,2.75413,9.83136,2.77257
0.07667,2.99347,9.99629,2.99669
0.08000,3.24124,10.07049,3.26220
0.08333,3.49724,10.04571,3.52771
0.08667,3.76129,9.91364,3.79322
0.09000,4.03321,9.66582,4.05874
0.09333,4.31281,9.29370,4.32425
0.09667,4.59991,8.78854,4.60786
0.10000,4.89433,8.14143,4.91563
0.10333,5.19589,7.34326,5.22341
0.10667,5.50439,6.38475,5.53119
0.11000,5.81966,5.25643,5.83896
0.11333,6.14152,3.94868,6.14673
0.11667,6.46979,2.45181,6.48045
0.12000,6.80429,0.75610,6.82456
0.12333,7.14484,1.14801,7.16868
0.12667,7.49126,3.26984,7.51279
0.13000,7.84337,5.61817,7.85691
0.13333,8.20101,8.20101,8.20101
0.13667,8.56416,10.68842,8.57771
0.14000,8.93297,12.75934,8.95442
0.14333,9.30753,14.43631,9.33115
0.14667,9.68789,15.74376,9.70787
0.15000,10.07413,16.70720,10.08458
0.15333,10.46632,17.35266,10.47108
0.15667,10.86453,17.70636,10.88211
0.16000,11.26883,17.79444,11.29315
0.16333,11.67932,17.64291,11.70420
0.16667,12.09606,17.27755,12.11524
0.17000,12.51914,16.72392,12.52627
0.17333,12.94864,16.00739,12.95839
0.17667,13.38465,15.15310,13.40637
0.18000,13.82726,14.18602,13.85436
0.18333,14.27656,13.13092,14.30235
0.18667,14.73263,12.01235,14.75034
0.19000,15.19559,10.85463,15.19830
0.19333,15.66551,9.68181,15.68051
0.19667,16.14252,8.51767,16.16846
0.20000,16.62669,7.38567,16.65643
0.20333,17.11815,6.30897,17.14439
0.20667,17.61701,5.31046,17.63234
0.21000,18.12336,4.41278,18.12646
0.21333,18.63733,3.63838,18.65785
0.21667,19.15902,3.00969,19.18927
0.22000,19.68857,2.54920,19.72070
0.22333,20.22609,2.27965,20.25213
0.22667,20.77170,2.22421,20.78354
0.23000,21.32554,2.40672,21.33523
0.23333,21.88773,2.85190,21.91408
0.23667,22.45841,3.58555,22.49297
0.24000,23.03772,4.63476,23.07187
0.24333,23.62578,6.02801,23.65076
0.24667,24.22276,7.79521,24.22960
0.25000,24.82878,9.96751,24.84555
0.25333,25.44400,12.57695,25.47643
0.25667,26.06858,15.65563,26.10735
0.26000,26.70267,19.23458,26.73828
0.26333,27.34642,23.34184,27.36917
0.26667,28.00001,27.99998,28.00001
0.27000,28.66364,34.05970,28.67787
0.27333,29.33676,39.09164,29.35580
0.27667,30.01830,43.15200,30.03373
0.28000,30.70724,46.31361,30.71162
0.28333,31.40251,48.65621,31.40794
0.28667,32.10307,50.26044,32.11172
0.29000,32.80786,51.20475,32.81551
0.29333,33.51582,51.56426,33.51928
0.29667,34.22592,51.41063,34.22580
0.30000,34.93710,50.81276,34.93612
0.30333,35.64831,49.83750,35.64648
0.30667,36.35850,48.55058,36.35682
0.31000,37.06663,47.01722,37.06529
0.31333,37.77165,45.30272,37.76295
0.31667,38.47253,43.47267,38.46067
0.32000,39.16825,41.59304,39.15837
0.32333,39.85776,39.73014,39.85604
0.32667,40.54005,37.95041,40.52664
0.33000,41.21410,36.32032,41.19279
0.33333,41.87889,34.90627,41.85896
0.33667,42.53343,33.77469,42.52509
0.34000,43.17669,32.99238,43.16257
0.34333,43.80770,32.62690,43.77863
0.34667,44.42546,32.74727,44.39472
0.35000,45.02900,33.42458,45.01080
0.35333,45.61730,34.73245,45.60736
0.35667,46.18944,36.74709,46.15526
0.36000,46.74440,39.54623,46.70318
0.36333,47.28125,43.20663,47.25110
0.36667,47.79900,47.79898,47.79900
0.37000,48.29696,51.43652,48.26366
0.37333,48.77531,54.73479,48.72833
0.37667,49.23438,57.70242,49.19301
0.38000,49.67455,60.35062,49.65767
0.38333,50.09615,62.69244,50.07690
0.38667,50.49954,64.74207,50.45980
0.39000,50.88509,66.51424,50.84271
0.39333,51.25316,68.02391,51.22561
0.39667,51.60412,69.28600,51.60020
0.40000,51.93832,70.31513,51.90847
0.40333,52.25613,71.12560,52.21674
0.40667,52.55793,71.73123,52.52501
0.41000,52.84406,72.14551,52.83327
0.41333,53.11493,72.38145,53.09662
0.41667,53.37086,72.45177,53.33751
0.42000,53.61226,72.36883,53.57840
0.42333,53.83948,72.14481,53.81929
0.42667,54.05288,71.79167,54.04681
0.43000,54.25286,71.32130,54.22761
0.43333,54.43977,70.74551,54.40841
0.43667,54.61397,70.07612,54.58920
0.44000,54.77584,69.32500,54.76999
0.44333,54.92574,68.50410,54.90972
0.44667,55.06406,67.62551,55.03770
0.45000,55.19115,66.70138,55.16570
0.45333,55.30738,65.74406,55.29369
0.45667,55.41311,64.76604,55.40649
0.46000,55.50873,63.77990,55.48895
0.46333,55.59459,62.79834,55.57139
0.46667,55.67105,61.83419,55.65385
0.47000,55.73850,60.90037,55.73629
0.47333,55.79729,60.00978,55.78471
0.47667,55.84780,59.17545,55.82887
0.48000,55.89037,58.41037,55.87303
0.48333,55.92540,57.72752,55.91719
0.48667,55.95323,57.13990,55.94756
0.49000,55.97424,56.66045,55.96067
0.49333,55.98881,56.30207,55.97379
0.49667,55.99726,56.07765,55.98690
0.50000,56.00000,56.00000,56.00000
0.50333,55.99725,56.07755,55.98684
0.50667,55.98875,56.30161,55.97367
0.51000,55.97412,56.65933,55.96049
0.51333,55.95303,57.13771,55.94733
0.51667,55.92509,57.72373,55.91687
0.52000,55.88994,58.40430,55.87257
0.52333,55.84723,59.16630,55.82829
0.52667,55.79659,59.99664,55.78400
0.53000,55.73766,60.88221,55.73545
0.53333,55.67008,61.80998,55.65288
0.53667,55.59348,62.76695,55.57031
0.54000,55.50750,63.74028,55.48774
0.54333,55.41177,64.71719,55.40516
0.54667,55.30595,65.68508,55.29229
0.55000,55.18965,66.63151,55.16426
0.55333,55.06252,67.54417,55.03623
0.55667,54.92419,68.41102,54.90821
0.56000,54.77431,69.22009,54.76847
0.56333,54.61250,69.95961,54.58779
0.56667,54.43838,70.61795,54.40711
0.57000,54.25159,71.18357,54.22643
0.57333,54.05179,71.64498,54.04574
0.57667,53.83857,71.99070,53.81843
0.58000,53.61160,72.20916,53.57781
0.58333,53.37047,72.28869,53.33718
0.58667,53.11482,72.21743,53.09656
0.59000,52.84428,71.98318,52.83350
0.59333,52.55847,71.57344,52.52555
0.59667,52.25702,70.97525,52.21760
0.60000,51.93953,70.17518,51.90966
0.60333,51.60563,69.15923,51.60172
0.60667,51.25496,67.91286,51.22728
0.61000,50.88710,66.42103,50.84453
0.61333,50.50170,64.66816,50.46177
0.61667,50.09835,62.63842,50.07902
0.62000,49.67669,60.31586,49.65965
0.62333,49.23630,57.68479,49.19449
0.62667,48.77682,54.73026,48.72932
0.63000,48.29785,51.43875,48.26415
0.63333,47.79900,47.79898,47.79900
0.63667,47.27998,43.18694,47.24931
0.64000,46.74147,39.49540,46.69959
0.64333,46.18454,36.66196,46.14987
0.64667,45.61023,34.61522,45.60016
0.65000,45.01962,33.28024,45.00149
0.65333,44.41375,32.58188,44.38316
0.65667,43.79370,32.44627,43.76481
0.66000,43.16051,32.80127,43.14650
0.66333,42.51525,33.57637,42.50714
0.66667,41.85896,34.70230,41.83964
0.67000,41.19270,36.11069,41.17211
0.67333,40.51752,37.73371,40.50459
0.67667,39.83445,39.50399,39.83285
0.68000,39.14455,41.35460,39.13538
0.68333,38.44884,43.21918,38.43787
0.68667,37.74836,45.03210,37.74035
0.69000,37.04411,46.72857,37.04289
0.69333,36.33714,48.24463,36.33590
0.69667,35.62844,49.51703,35.62726
0.70000,34.91903,50.48270,34.91859
0.70333,34.20988,51.07821,34.20997
0.70667,33.50200,51.23875,33.50549
0.71000,32.79636,50.89716,32.80402
0.71333,32.09393,49.98278,32.10250
0.71667,31.39567,48.42045,31.40102
0.72000,30.70254,46.13009,30.70667
0.72333,30.01547,43.02718,30.03002
0.72667,29.33541,39.02504,29.35332
0.73000,28.66328,34.03990,28.67664
0.73333,28.00001,28.00004,28.00001
0.73667,27.34618,23.33065,27.36812
0.74000,26.70174,19.19478,26.73617
0.74333,26.06661,15.57656,26.10419
0.74667,25.44070,12.45341,25.47221
0.75000,24.82394,9.79852,24.84028
0.75333,24.21623,7.58291,24.22307
0.75667,23.61748,5.77674,23.64248
0.76000,23.02759,4.35028,23.06185
0.76333,22.44649,3.27445,22.48119
0.76667,21.87406,2.52112,21.90056
0.77000,21.31020,2.06318,21.31996
0.77333,20.75482,1.87453,20.76692
0.77667,20.20782,1.92997,20.23448
0.78000,19.66908,2.20500,19.70200
0.78333,19.13851,2.67571,19.16951
0.78667,18.61600,3.31854,18.63704
0.79000,18.10143,4.11016,18.10462
0.79333,17.59471,5.02732,17.61051
0.79667,17.09571,6.04674,17.12275
0.80000,16.60434,7.14502,16.63498
0.80333,16.12047,8.29860,16.14720
0.80667,15.64400,9.48374,15.65944
0.81000,15.17480,10.67650,15.17758
0.81333,14.71278,11.85275,14.73088
0.81667,14.25781,12.98823,14.28416
0.82000,13.80977,14.05853,13.83743
0.82333,13.36857,15.03912,13.39070
0.82667,12.93406,15.90539,12.94399
0.83000,12.50616,16.63263,12.51329
0.83333,12.08473,17.19600,12.10387
0.83667,11.66965,17.57049,11.69444
0.84000,11.26082,17.73088,11.28500
0.84333,10.85812,17.65173,10.87557
0.84667,10.46143,17.30725,10.46615
0.85000,10.07064,16.67134,10.08067
0.85333,9.68562,15.71768,9.70474
0.85667,9.30627,14.41975,9.32880
0.86000,8.93246,12.75125,8.95286
0.86333,8.56408,10.68646,8.57693
0.86667,8.20101,8.20102,8.20101
0.87000,7.84323,5.61553,7.85668
0.87333,7.49092,3.26168,7.51234
0.87667,7.14428,1.13238,7.16799
0.88000,6.80347,0.78038,6.82365
0.88333,6.46869,2.48524,6.47931
0.88667,6.14013,3.99127,6.14536
0.89000,5.81799,5.30775,5.83732
0.89333,5.50243,6.44407,5.52928
0.89667,5.19365,7.40962,5.22123
0.90000,4.89184,8.21369,4.91319
0.90333,4.59719,8.86548,4.60516
0.90667,4.30987,9.37406,4.32135
0.91000,4.03008,9.74834,4.05571
0.91333,3.75801,9.99708,3.79007
0.91667,3.49383,10.12892,3.52443
0.92000,3.23774,10.15240,3.25879
0.92333,2.98993,10.07593,2.99316
0.92667,2.75057,9.90787,2.76907
0.93000,2.51985,9.65653,2.55191
0.93333,2.29796,9.33020,2.33475
0.93667,2.08509,8.93712,2.11759
0.94000,1.88141,8.48558,1.90043
0.94333,1.68712,7.98388,1.69107
0.94667,1.50241,7.44033,1.52845
0.95000,1.32745,6.86331,1.36583
0.95333,1.16243,6.26122,1.20321
0.95667,1.00753,5.64253,1.04059
0.96000,0.86295,5.01573,0.87797
0.96333,0.72887,4.38938,0.74132
0.96667,0.60548,3.77207,0.63930
0.97000,0.49295,3.17240,0.53727
0.97333,0.39148,2.59904,0.43525
0.97667,0.30125,2.06065,0.33322
0.98000,0.22244,1.56590,0.23120
0.98333,0.15525,1.12348,0.17680
0.98667,0.09986,0.74208,0.14144
0.99000,0.05645,0.43037,0.10608
0.99333,0.02521,0.19702,0.07072
0.99667,0.00634,0.05069,0.03536
1.00000,0.00000,0.00000,0.00000
