t,worst_deg
0.00000,0.00001
0.00417,0.39726
0.00833,0.70536
0.01250,0.87967
0.01667,0.88989
0.02083,0.82162
0.02500,0.60343
0.02917,0.28341
0.03333,0.10455
0.03750,0.11190
0.04167,0.27569
0.04583,0.35968
0.05000,0.35124
0.05417,0.30006
0.05833,0.17035
0.06250,0.02018
0.06667,0.21817
0.07083,0.16375
0.07500,0.12442
0.07917,0.10942
0.08333,0.11314
0.08750,0.12297
0.09167,0.13850
0.09583,0.14846
0.10000,0.15581
0.10417,0.25862
0.10833,0.34203
0.11250,0.39766
0.11667,0.40430
0.12083,0.38367
0.12500,0.30293
0.12917,0.16882
0.13333,0.00001
0.13750,0.15747
0.14167,0.31450
0.14583,0.39344
0.15000,0.40569
0.15417,0.40740
0.15833,0.28343
0.16250,0.15981
0.16667,0.04204
0.17083,0.11996
0.17500,0.26352
0.17917,0.30629
0.18333,0.34904
0.18750,0.31555
0.19167,0.24825
0.19583,0.15767
0.20000,0.04612
0.20417,0.13031
0.20833,0.20029
0.21250,0.24901
0.21667,0.27212
0.22083,0.23764
0.22500,0.20315
0.22917,0.10576
0.23333,0.04671
0.23750,0.08236
0.24167,0.12742
0.24583,0.17249
0.25000,0.17529
0.25417,0.15341
0.25833,0.11952
0.26250,0.05975
0.26667,0.00001
0.27083,0.15946
0.27500,0.31893
0.27917,0.39674
0.28333,0.42011
0.28750,0.41652
0.29167,0.30507
0.29583,0.19361
0.30000,0.02471
0.30417,0.17455
0.30833,0.32089
0.31250,0.38772
0.31667,0.45460
0.32083,0.38936
0.32500,0.32404
0.32917,0.17936
0.33333,0.03150
0.33750,0.19764
0.34167,0.30797
0.34583,0.41872
0.35000,0.42234
0.35417,0.39904
0.35833,0.32110
0.36250,0.16084
0.36667,0.00001
0.37083,0.12212
0.37500,0.22029
0.37917,0.26406
0.38333,0.26741
0.38750,0.24678
0.39167,0.17990
0.39583,0.10129
0.40000,0.03914
0.40417,0.04210
0.40833,0.11508
0.41250,0.15997
0.41667,0.14872
0.42083,0.13746
0.42500,0.12620
0.42917,0.06018
0.43333,0.03263
0.43750,0.19863
0.44167,0.35720
0.44583,0.46801
0.45000,0.52623
0.45417,0.49149
0.45833,0.41799
0.46250,0.22374
0.46667,0.03416
0.47083,0.36611
0.47500,0.64055
0.47917,0.86013
0.48333,0.90157
0.48750,0.86734
0.49167,0.70340
0.49583,0.38689
0.50000,0.00001
0.50417,0.38404
0.50833,0.69613
0.51250,0.85227
0.51667,0.87633
0.52083,0.82333
0.52500,0.58986
0.52917,0.30111
0.53333,0.11433
0.53750,0.12848
0.54167,0.30768
0.54583,0.36727
0.55000,0.38873
0.55417,0.31903
0.55833,0.19839
0.56250,0.04078
0.56667,0.20130
0.57083,0.11623
0.57500,0.12522
0.57917,0.13680
0.58333,0.14838
0.58750,0.15997
0.59167,0.11546
0.59583,0.11414
0.60000,0.13209
0.60417,0.22110
0.60833,0.28406
0.61250,0.33467
0.61667,0.33778
0.62083,0.31678
0.62500,0.25513
0.62917,0.13945
0.63333,0.00001
0.63750,0.14992
0.64167,0.29927
0.64583,0.37133
0.65000,0.39211
0.65417,0.38685
0.65833,0.27798
0.66250,0.16953
0.66667,0.04328
0.67083,0.15798
0.67500,0.30618
0.67917,0.37498
0.68333,0.44372
0.68750,0.37942
0.69167,0.31517
0.69583,0.17072
0.70000,0.02708
0.70417,0.19252
0.70833,0.30450
0.71250,0.41648
0.71667,0.42021
0.72083,0.39687
0.72500,0.31905
0.72917,0.15951
0.73333,0.00001
0.73750,0.06020
0.74167,0.12042
0.74583,0.15519
0.75000,0.17513
0.75417,0.17681
0.75833,0.13367
0.76250,0.09055
0.76667,0.04670
0.77083,0.11885
0.77500,0.21890
0.77917,0.25656
0.78333,0.29423
0.78750,0.27465
0.79167,0.22963
0.79583,0.16342
0.80000,0.02661
0.80417,0.19888
0.80833,0.29346
0.81250,0.36478
0.81667,0.40205
0.82083,0.36262
0.82500,0.32316
0.82917,0.18139
0.83333,0.03416
0.83750,0.22299
0.84167,0.34473
0.84583,0.46683
0.85000,0.45795
0.85417,0.43810
0.85833,0.34748
0.86250,0.17395
0.86667,0.00001
0.87083,0.14691
0.87500,0.25949
0.87917,0.31924
0.88333,0.32006
0.88750,0.29432
0.89167,0.22122
0.89583,0.12196
0.90000,0.03463
0.90417,0.03947
0.90833,0.05490
0.91250,0.06277
0.91667,0.07288
0.92083,0.07983
0.92500,0.06902
0.92917,0.02311
0.93333,0.03642
0.93750,0.16767
0.94167,0.33662
0.94583,0.45545
0.95000,0.49371
0.95417,0.48839
0.95833,0.38928
0.96250,0.20991
0.96667,0.03357
0.97083,0.35003
0.97500,0.65512
0.97917,0.85927
0.98333,0.91562
0.98750,0.89475
0.99167,0.71282
0.99583,0.40002
1.00000,0.00001
