mesh,x_fixed,z_fixed,x_unfixed,z_unfixed,y,frozen
0,-0.03686,0.04906,-0.03686,0.04906,1.56328,0
0,-0.03112,-0.03050,-0.03112,-0.03050,1.57500,0
0,0.03051,-0.03111,0.03051,-0.03111,1.57500,0
0,0.05051,0.04860,0.05051,0.04860,1.72994,0
0,-0.03529,0.06057,-0.03529,0.06057,1.72994,0
0,-0.03859,-0.02908,-0.03859,-0.02908,1.72500,0
0,0.02908,-0.03859,0.02908,-0.03859,1.72500,0
0,0.04242,0.06890,0.04242,0.06890,1.55663,0
0,-0.03329,0.06921,-0.03329,0.06921,1.57585,0
0,0.03166,0.05274,0.03166,0.05274,1.75314,0
0,0.00795,0.05659,0.00795,0.05659,1.76087,0
0,-0.01589,0.05943,-0.01589,0.05943,1.75314,0
0,-0.04687,0.05925,-0.04687,0.05925,1.69253,0
0,-0.05023,0.05629,-0.05023,0.05629,1.64714,0
0,-0.04789,0.05128,-0.04789,0.05128,1.60138,0
0,-0.04045,0.03543,-0.04045,0.03543,1.74100,0
0,-0.04327,0.00888,-0.04327,0.00888,1.74321,0
0,-0.04220,-0.01428,-0.04220,-0.01428,1.73616,0
0,-0.04309,-0.03282,-0.04309,-0.03282,1.69450,0
0,-0.04386,-0.03474,-0.04386,-0.03474,1.65000,0
0,-0.03711,-0.03508,-0.03711,-0.03508,1.60550,0
0,-0.03514,-0.01775,-0.03514,-0.01775,1.56373,0
0,-0.03816,0.00229,-0.03816,0.00229,1.55594,0
0,-0.03862,0.02574,-0.03862,0.02574,1.55614,0
0,-0.01834,-0.03482,-0.01834,-0.03482,1.56406,0
0,-0.00002,-0.03690,-0.00002,-0.03690,1.55856,0
0,0.01807,-0.03496,0.01807,-0.03496,1.56406,0
0,0.03513,-0.01805,0.03513,-0.01805,1.56305,0
0,0.03963,0.00249,0.03963,0.00249,1.55050,0
0,0.05693,0.04912,0.05693,0.04912,1.58216,0
0,0.06276,0.04435,0.06276,0.04435,1.64170,0
0,0.06066,0.04532,0.06066,0.04532,1.69185,0
0,0.04865,0.02290,0.04865,0.02290,1.74100,0
0,0.04404,-0.00339,0.04404,-0.00339,1.74321,0
0,0.03663,-0.02535,0.03663,-0.02535,1.73616,0
0,0.01465,-0.04203,0.01465,-0.04203,1.73594,0
0,-0.00589,-0.04193,-0.00589,-0.04193,1.74144,0
0,-0.02567,-0.03636,-0.02567,-0.03636,1.73594,0
0,0.03506,-0.03713,0.03506,-0.03713,1.60550,0
0,0.03472,-0.04388,0.03472,-0.04388,1.65000,0
0,0.03281,-0.04310,0.03281,-0.04310,1.69450,0
0,0.05386,0.06670,0.05386,0.06670,1.59538,0
0,0.01902,-0.02474,0.01902,-0.02474,1.75964,0
0,-0.00324,-0.02303,-0.00324,-0.02303,1.76758,0
0,-0.02511,-0.01853,-0.02511,-0.01853,1.75964,0
0,0.02462,-0.00095,0.02462,-0.00095,1.76958,0
0,0.00030,0.00211,0.00030,0.00211,1.77838,0
0,-0.02392,0.00587,-0.02392,0.00587,1.76958,0
0,0.02896,0.02644,0.02896,0.02644,1.76691,0
0,0.00424,0.03014,0.00424,0.03014,1.77554,0
0,-0.02055,0.03340,-0.02055,0.03340,1.76691,0
0,-0.02755,-0.04567,-0.02755,-0.04567,1.69742,0
0,-0.00721,-0.05218,-0.00721,-0.05218,1.69997,0
0,0.01425,-0.05139,0.01425,-0.05139,1.69742,0
0,-0.02735,-0.04791,-0.02735,-0.04791,1.65000,0
0,-0.00633,-0.05413,-0.00633,-0.05413,1.65000,0
0,0.01560,-0.05291,0.01560,-0.05291,1.65000,0
0,-0.02106,-0.04522,-0.02106,-0.04522,1.60258,0
0,-0.00103,-0.04888,-0.00103,-0.04888,1.60003,0
0,0.01885,-0.04618,0.01885,-0.04618,1.60258,0
0,-0.01748,0.06862,-0.01748,0.06862,1.55561,0
0,0.00336,0.08442,0.00336,0.08442,1.57221,0
0,0.02179,0.08349,0.02179,0.08349,1.57464,0
0,-0.05171,0.03528,-0.05171,0.03528,1.69926,0
0,-0.05398,0.00960,-0.05398,0.00960,1.70081,0
0,-0.05161,-0.01397,-0.05161,-0.01397,1.69753,0
0,-0.05437,0.03313,-0.05437,0.03313,1.64879,0
0,-0.05602,0.00811,-0.05602,0.00811,1.64964,0
0,-0.05314,-0.01538,-0.05314,-0.01538,1.64996,0
0,-0.05082,0.02749,-0.05082,0.02749,1.59817,0
0,-0.05060,0.00304,-0.05060,0.00304,1.59843,0
0,-0.04642,-0.01857,-0.04642,-0.01857,1.60238,0
0,0.04553,-0.02090,0.04553,-0.02090,1.60189,0
0,0.04822,-0.02720,0.04822,-0.02720,1.64979,0
0,0.04597,-0.02730,0.04597,-0.02730,1.69751,0
0,0.05174,0.00094,0.05174,0.00094,1.59452,0
0,0.05676,-0.00489,0.05676,-0.00489,1.64828,0
0,0.05462,-0.00526,0.05462,-0.00526,1.70064,0
0,0.05558,0.02563,0.05558,0.02563,1.58603,0
0,0.06149,0.02033,0.06149,0.02033,1.64488,0
0,0.05930,0.02049,0.05930,0.02049,1.69877,0
1,-0.03686,0.04906,-0.03686,0.04906,1.56328,0
1,0.05051,0.04860,0.05051,0.04860,1.72994,0
1,-0.03529,0.06057,-0.03529,0.06057,1.72994,0
1,0.03568,0.09326,0.03568,0.09326,1.63728,0
1,-0.01553,0.09864,-0.01553,0.09864,1.63728,0
1,-0.00910,0.10424,-0.02352,0.10196,1.68210,1
1,0.03971,0.11361,0.02352,0.11804,1.63790,1
1,-0.00686,0.12016,-0.02352,0.11804,1.63790,1
1,0.03748,0.09770,0.02352,0.10196,1.68210,1
1,0.04242,0.06890,0.04242,0.06890,1.55663,0
1,0.03849,0.08152,0.03849,0.08152,1.58873,0
1,0.03727,0.08945,0.03727,0.08945,1.61681,0
1,0.00125,0.10059,-0.01276,0.09978,1.68810,1
1,0.01378,0.09807,0.00000,0.09904,1.69015,1
1,0.02652,0.09704,0.01276,0.09978,1.68810,1
1,-0.01369,0.11741,-0.02990,0.11436,1.64801,1
1,-0.01646,0.11339,-0.03208,0.11000,1.66000,1
1,-0.01490,0.10877,-0.02990,0.10564,1.67199,1
1,0.02937,0.11727,0.01276,0.12022,1.63190,1
1,0.01683,0.11979,-0.00000,0.12096,1.62985,1
1,0.00409,0.12082,-0.01276,0.12022,1.63190,1
1,0.02542,0.09701,0.02542,0.09701,1.63621,0
1,0.01042,0.09999,0.01042,0.09999,1.63565,0
1,-0.00479,0.10018,-0.00479,0.10018,1.63621,0
1,-0.02111,0.09447,-0.02111,0.09447,1.61749,0
1,-0.02805,0.08462,-0.02805,0.08462,1.59416,0
1,-0.03329,0.06921,-0.03329,0.06921,1.57585,0
1,0.04151,0.09082,0.04151,0.09082,1.65909,0
1,0.04673,0.08343,0.04673,0.08343,1.68687,0
1,0.04974,0.06934,0.04974,0.06934,1.71139,0
1,0.03166,0.05274,0.03166,0.05274,1.75314,0
1,0.00795,0.05659,0.00795,0.05659,1.76087,0
1,-0.01589,0.05943,-0.01589,0.05943,1.75314,0
1,0.04431,0.10045,0.02990,0.10564,1.67199,1
1,0.04708,0.10446,0.03208,0.11000,1.66000,1
1,0.04552,0.10909,0.02990,0.11436,1.64801,1
1,-0.02995,0.07991,-0.02995,0.07991,1.71139,0
1,-0.02453,0.09243,-0.02453,0.09243,1.68687,0
1,-0.01942,0.09795,-0.01942,0.09795,1.65909,0
1,-0.04687,0.05925,-0.04687,0.05925,1.69253,0
1,-0.05023,0.05629,-0.05023,0.05629,1.64714,0
1,-0.04789,0.05128,-0.04789,0.05128,1.60138,0
1,0.05693,0.04912,0.05693,0.04912,1.58216,0
1,0.06276,0.04435,0.06276,0.04435,1.64170,0
1,0.06066,0.04532,0.06066,0.04532,1.69185,0
1,-0.04001,0.08421,-0.04001,0.08421,1.64254,0
1,-0.04129,0.07767,-0.04129,0.07767,1.68104,0
1,-0.04509,0.07424,-0.04509,0.07424,1.64466,0
1,-0.04270,0.07106,-0.04270,0.07106,1.60753,0
1,-0.03653,0.08500,-0.03653,0.08500,1.61935,0
1,-0.02925,0.09358,-0.02925,0.09358,1.63965,0
1,-0.03536,0.08907,-0.03536,0.08907,1.66380,0
1,0.05757,0.07388,0.05757,0.07388,1.64050,0
1,0.05386,0.06670,0.05386,0.06670,1.59538,0
1,0.06102,0.06310,0.06102,0.06310,1.64069,0
1,0.05934,0.06509,0.05934,0.06509,1.68053,0
1,0.05536,0.07830,0.05536,0.07830,1.66348,0
1,0.04833,0.08540,0.04833,0.08540,1.63914,0
1,0.05086,0.07825,0.05086,0.07825,1.61538,0
1,0.03095,0.11193,0.01507,0.11515,1.64584,1
1,0.01607,0.11436,-0.00000,0.11548,1.64492,1
1,0.00110,0.11613,-0.01507,0.11515,1.64584,1
1,0.03119,0.10670,0.01604,0.11000,1.66000,1
1,0.01531,0.10893,-0.00000,0.11000,1.66000,1
1,-0.00058,0.11116,-0.01604,0.11000,1.66000,1
1,0.02952,0.10173,0.01507,0.10485,1.67416,1
1,0.01455,0.10350,0.00000,0.10452,1.67508,1
1,-0.00033,0.10593,-0.01507,0.10485,1.67416,1
1,0.02866,0.09569,0.02866,0.09569,1.66848,0
1,0.03134,0.08816,0.03134,0.08816,1.70095,0
1,0.03250,0.07373,0.03250,0.07373,1.73022,0
1,0.01206,0.09907,0.01206,0.09907,1.67074,0
1,0.01201,0.09170,0.01201,0.09170,1.70534,0
1,0.01074,0.07746,0.01074,0.07746,1.73646,0
1,-0.00505,0.09977,-0.00505,0.09977,1.66848,0
1,-0.00776,0.09324,-0.00776,0.09324,1.70095,0
1,-0.01143,0.07976,-0.01143,0.07976,1.73022,0
1,-0.01748,0.06862,-0.01748,0.06862,1.55561,0
1,-0.01406,0.08456,-0.01406,0.08456,1.57838,0
1,0.00336,0.08442,0.00336,0.08442,1.57221,0
1,0.02179,0.08349,0.02179,0.08349,1.57464,0
1,-0.00863,0.09518,-0.00863,0.09518,1.60590,0
1,0.00661,0.09502,0.00661,0.09502,1.60254,0
1,0.02305,0.09282,0.02305,0.09282,1.60543,0
